pair_label,bin,bin_low_edge,bin_up_edge,C_reference,reference_stat_unc,C_new_crosscheck,new_crosscheck_stat_unc,new_minus_reference,abs_new_minus_reference,relative_abs_difference,relative_abs_difference_percent,combined_stat_unc_if_independent,difference_over_combined_stat_if_independent
Pythia_minus,1,0.0,0.21,0.660984456539154,0.012394480407238007,0.74819016456604,0.005874533771703012,0.08720570802688599,0.08720570802688599,0.13193306917304232,13.193306917304232,0.013716168984096326,6.357876468859459
Pythia_minus,2,0.21,0.42,0.6471099853515625,0.012199487537145615,0.7357836961746216,0.005738157770374549,0.08867371082305908,0.08867371082305908,0.13703035470065317,13.703035470065316,0.01348161528774208,6.577380301282153
Pythia_minus,3,0.42,0.63,0.6394927501678467,0.012348379008471966,0.7462049722671509,0.0059429090243272205,0.1067122220993042,0.1067122220993042,0.16687010458100676,16.687010458100676,0.013704037062424379,7.786918673177155
Pythia_minus,4,0.63,0.84,0.6380901336669922,0.01265857182443142,0.7293826937675476,0.005771541691156931,0.09129256010055542,0.09129256010055542,0.1430715745061173,14.30715745061173,0.01391222966051997,6.562036591418902
Pythia_minus,5,0.84,1.05,0.6463085412979126,0.01314223650842905,0.7243279218673706,0.0059190037187243725,0.07801938056945801,0.07801938056945801,0.1207153790862488,12.07153790862488,0.014413638869687223,5.412885758747405
Pythia_minus,6,1.05,1.37,0.6265755295753479,0.010873301886022091,0.7221782803535461,0.005101012096288691,0.09560275077819824,0.09560275077819824,0.15257977093837605,15.257977093837605,0.012010371281149268,7.960016267627828
Pythia_minus,7,1.37,1.52,0.6408894062042236,0.017442872747778893,0.7070021629333496,0.007773159407251712,0.06611275672912598,0.06611275672912598,0.10315782425034922,10.315782425034921,0.019096487029444796,3.462037631695661
Pythia_minus,8,1.52,1.74,0.6314683556556702,0.014862109906971455,0.7895869612693787,0.007467916885164795,0.1581186056137085,0.1581186056137085,0.25039830451920236,25.039830451920235,0.016632861855093623,9.50639805652486
Pythia_minus,9,1.74,1.95,0.5918737053871155,0.015610098838806152,0.7889484763145447,0.008371249911132398,0.1970747709274292,0.1970747709274292,0.33296760632157546,33.29676063215754,0.017713074573092367,11.125949372267769
Pythia_minus,10,1.95,2.18,0.6574898362159729,0.018163925036787987,0.7289870977401733,0.008101742358314672,0.07149726152420044,0.07149726152420044,0.1087427631363642,10.87427631363642,0.01988885119816033,3.594841190767909
Pythia_minus,11,2.18,2.5,0.6256763339042664,0.01702984981238842,0.7290399670600891,0.00791904636646205,0.10336363315582275,0.10336363315582275,0.16520304118077486,16.520304118077487,0.018781029790367772,5.503619040572252
