control_equal_fraction,control_exact_fraction,control_mean_abs_difference,control_mean_cos_delta,control_n,control_pearson,correct_equal_fraction,correct_exact_fraction,correct_mean_abs_difference,correct_mean_cos_delta,correct_n,correct_pearson,metric,pair_label
,1.0,0.0,,440017,-1.0,,1.0,0.0,,440017,-1.0,weight0,Pythia_plus
,0.0,5.556759895783996,,440017,0.892120998138286,,0.0,5.556759895783996,,440017,0.892120998138286,leptons_pt,Pythia_plus
,0.0,1.036458477571977,,440017,-0.007637836629405999,,0.0,1.036458477571977,,440017,-0.007637836629405999,leptons_eta,Pythia_plus
,0.0,54.863784643913625,,440017,0.48512912002209285,,0.0,54.863784643913625,,440017,0.48512912002209285,met_et,Pythia_plus
,0.0,0.12681620262300364,0.9815427892415352,440017,nan,,0.0,0.12681620262300364,0.9815427892415352,440017,nan,leptons_phi,Pythia_plus
0.9998840953872237,,,,440017,,0.9998840953872237,,,,440017,,leptons_charge,Pythia_plus
,1.0,0.0,,421600,-1.0,,1.0,0.0,,421600,-1.0,weight0,Pythia_minus
,0.0,5.600489083530781,,421600,0.897688219018553,,0.0,5.600489083530781,,421600,0.897688219018553,leptons_pt,Pythia_minus
,0.0,1.0828815362165531,,421600,0.0010809151231698116,,0.0,1.0828815362165531,,421600,0.0010809151231698116,leptons_eta,Pythia_minus
,0.0,56.53831041364448,,421600,0.4924709993465673,,0.0,56.53831041364448,,421600,0.4924709993465673,met_et,Pythia_minus
,0.0,0.12795049088045815,0.9808062081498473,421600,nan,,0.0,0.12795049088045815,0.9808062081498473,421600,nan,leptons_phi,Pythia_minus
0.9999620493358634,,,,421600,,0.9999620493358634,,,,421600,,leptons_charge,Pythia_minus
