pair_label,bin,bin_low_edge,bin_up_edge,correction_factor,stat_unc_independent,stat_unc_correlated_delta,stat_unc_fresh_paired_bootstrap,fresh_bootstrap_mean,covariance,correlation_coefficient,fresh_bootstrap_over_independent,analytic_over_fresh_bootstrap
Pythia_minus,1,0.0,0.21,0.7482501739004483,0.005877197700287352,0.004116079393947377,0.004167666807832659,0.7481209168993533,0.00029352398640075943,0.5099889000692064,0.7091248279139717,0.9876219918088632
Pythia_minus,2,0.21,0.42,0.7358470504504497,0.005740814878359119,0.004401044140548836,0.004457127135499671,0.7359211521751194,0.00024137648953904305,0.41256143956603,0.7763927647800479,0.9874172323907588
Pythia_minus,3,0.42,0.63,0.746262264293368,0.005945550361235313,0.004628856764853889,0.004569134295538088,0.7463411186101389,0.00022180351307465765,0.39426597421355186,0.768496441528544,1.0130708500676207
Pythia_minus,4,0.63,0.84,0.7294438234741925,0.0057741670361639305,0.004461231204482577,0.004512746244786762,0.7298825850991563,0.00022978815690308924,0.40328454170309846,0.7815406475987238,0.9885845475216569
Pythia_minus,5,0.84,1.05,0.7243825067157668,0.00592155812344555,0.004687512922215817,0.004757248933567718,0.7244973594077542,0.00019940411401613717,0.37353039379876335,0.8033779006123543,0.9853411052636251
Pythia_minus,6,1.05,1.37,0.7224506269628225,0.005104413696526799,0.003874369115735259,0.003927378770948594,0.7226485966614955,0.00030292184152624414,0.4240503572984577,0.7694083991704872,0.9865025355829046
Pythia_minus,7,1.37,1.52,0.7069712872556005,0.007774101904785016,0.006679712405961141,0.0067717721398551055,0.7072686753855234,7.709067625497625e-05,0.2617665523271738,0.871068095426821,0.9864053704122516
Pythia_minus,8,1.52,1.74,0.7895827216344538,0.007469900214620871,0.006091593557077578,0.0062817985469961505,0.7896833200357024,0.00013446705491588378,0.33589373156424485,0.8409481206590627,0.96972125283936
Pythia_minus,9,1.74,1.95,0.7888952739911667,0.008372239978090645,0.006946303702069387,0.006743029313474561,0.7888743755628865,9.920743305406625e-05,0.31244236123274594,0.80540325302672,1.0301458556896117
Pythia_minus,10,1.95,2.18,0.7289419585263472,0.008102491209534136,0.006658233063241087,0.006916212487363891,0.7289510872340083,9.433185407918699e-05,0.3249273713140392,0.8535908658840184,0.962699320676723
Pythia_minus,11,2.18,2.5,0.7290043462523258,0.00792003735362813,0.006358140619218942,0.006563189342347364,0.7293201771485572,0.00010804000366073159,0.35574381629976576,0.8286816146568803,0.9687577620524528
