pair_label,bin,bin_low_edge,bin_up_edge,nominal_correction_weight0,relative_scale_unc,relative_pdf_unc,relative_shower_unc,relative_model_unc,relative_total_systematic_unc,scale_unc_percent,pdf_unc_percent,shower_unc_percent,model_unc_percent,total_systematic_unc_percent
Pythia_plus,1,0.0,0.21,0.6547458171844482,0.0017024414846673608,0.00036324679967947304,0.027442799881100655,0.0018356253858655691,0.027559155598282814,0.17024414846673608,0.036324679967947304,2.7442799881100655,0.1835625385865569,2.7559155598282814
Pythia_plus,2,0.21,0.42,0.6447997093200684,0.002082096179947257,0.0005574184469878674,0.035832688212394714,0.0016908019315451384,0.03593725338578224,0.2082096179947257,0.055741844698786736,3.5832688212394714,0.16908019315451384,3.593725338578224
Pythia_plus,3,0.42,0.63,0.6357879638671875,0.0019420157186686993,0.0009007243788801134,0.013428736478090286,0.007219348568469286,0.01539586577564478,0.19420157186686993,0.09007243788801134,1.3428736478090286,0.7219348568469286,1.539586577564478
Pythia_plus,4,0.63,0.84,0.6187161207199097,0.002036832273006439,0.0005350599531084299,0.008882276713848114,0.0034716608934104443,0.009766383096575737,0.20368322730064392,0.05350599531084299,0.8882276713848114,0.3471660893410444,0.9766383096575737
Pythia_plus,5,0.84,1.05,0.6409361958503723,0.0025504212826490402,0.0005453525809571147,0.018174903467297554,0.005664306692779064,0.01921493001282215,0.255042128264904,0.05453525809571147,1.8174903467297554,0.5664306692779064,1.9214930012822151
Pythia_plus,6,1.05,1.37,0.6362332105636597,0.0008393117459490895,0.00038064137334004045,0.013218481093645096,0.004413811024278402,0.013966362923383713,0.08393117459490895,0.038064137334004045,1.3218481093645096,0.44138110242784023,1.3966362923383713
Pythia_plus,7,1.37,1.52,0.6330141425132751,0.0038462497759610415,0.0014061155961826444,0.02274765633046627,0.0073083266615867615,0.0242412518709898,0.38462497759610415,0.14061155961826444,2.274765633046627,0.7308326661586761,2.42412518709898
Pythia_plus,8,1.52,1.74,0.6609900593757629,0.0017945686122402549,0.0013887694803997874,0.00756070576608181,0.002890282543376088,0.008406376466155052,0.1794568612240255,0.13887694803997874,0.756070576608181,0.2890282543376088,0.8406376466155052
Pythia_plus,9,1.74,1.95,0.6475628614425659,0.001743416185490787,0.0021267852280288935,0.03069925680756569,0.004407922271639109,0.03113578073680401,0.1743416185490787,0.21267852280288935,3.069925680756569,0.44079222716391087,3.113578073680401
Pythia_plus,10,1.95,2.18,0.6217986941337585,0.0005117881228215992,0.0013356426497921348,0.051196739077568054,0.008017119951546192,0.051840391010046005,0.051178812282159925,0.13356426497921348,5.119673907756805,0.8017119951546192,5.1840391010046005
Pythia_plus,11,2.18,2.5,0.6207728385925293,0.00020586009486578405,0.0031423652544617653,0.038897477090358734,0.010290508158504963,0.040358707308769226,0.020586009486578405,0.31423652544617653,3.8897477090358734,1.0290508158504963,4.035870730876923
