channel,level,left_suffix,right_suffix,overlap_count,left_overlap_fraction,right_overlap_fraction,pt_pearson,eta_pearson,met_pearson,phi_mean_cos_delta,charge_equal_fraction,weight0_exact_fraction,full_record_exact_fraction
minus,particle,10,11,24176,1.0,1.0,1.0,1.0,0.9999999999999999,1.0,1.0,1.0,1.0
minus,particle,10,12,19581,0.8099354731965586,0.8102706281552594,0.8461331002377579,0.9376959137994527,0.7181386284689938,0.969539559880948,1.0,1.0,0.003064194882794546
minus,particle,10,13,19581,0.8099354731965586,0.8102706281552594,0.8461331002377579,0.9376959137994527,0.7181386284689938,0.969539559880948,1.0,1.0,0.003064194882794546
minus,particle,10,14,24176,1.0,1.0,1.0,1.0,0.9999999999999999,1.0,1.0,1.0,1.0
minus,particle,10,15,24176,1.0,1.0,1.0,1.0,0.9999999999999999,1.0,1.0,1.0,1.0
minus,particle,10,16,19581,0.8099354731965586,0.8102706281552594,0.8461331002377579,0.9376959137994527,0.7181386284689938,0.969539559880948,1.0,1.0,0.003064194882794546
minus,particle,10,17,19581,0.8099354731965586,0.8102706281552594,0.8461331002377579,0.9376959137994527,0.7181386284689938,0.969539559880948,1.0,1.0,0.003064194882794546
minus,particle,10,18,24176,1.0,1.0,1.0,1.0,0.9999999999999999,1.0,1.0,1.0,1.0
minus,particle,10,19,24176,1.0,1.0,1.0,1.0,0.9999999999999999,1.0,1.0,1.0,1.0
minus,particle,10,20,24176,1.0,1.0,1.0,1.0,0.9999999999999999,1.0,1.0,1.0,1.0
minus,particle,10,21,24176,1.0,1.0,1.0,1.0,0.9999999999999999,1.0,1.0,1.0,1.0
minus,particle,10,22,24176,1.0,1.0,1.0,1.0,0.9999999999999999,1.0,1.0,1.0,1.0
minus,particle,10,23,24176,1.0,1.0,1.0,1.0,0.9999999999999999,1.0,1.0,1.0,1.0
minus,particle,10,24,24176,1.0,1.0,1.0,1.0,0.9999999999999999,1.0,1.0,1.0,1.0
minus,particle,10,25,24176,1.0,1.0,1.0,1.0,0.9999999999999999,1.0,1.0,1.0,1.0
minus,particle,10,26,24176,1.0,1.0,1.0,1.0,0.9999999999999999,1.0,1.0,1.0,1.0
minus,particle,10,27,24176,1.0,1.0,1.0,1.0,0.9999999999999999,1.0,1.0,1.0,1.0
minus,particle,10,28,24176,1.0,1.0,1.0,1.0,0.9999999999999999,1.0,1.0,1.0,1.0
minus,particle,10,29,24176,1.0,1.0,1.0,1.0,0.9999999999999999,1.0,1.0,1.0,1.0
minus,particle,11,12,19581,0.8099354731965586,0.8102706281552594,0.8461331002377579,0.9376959137994527,0.7181386284689938,0.969539559880948,1.0,1.0,0.003064194882794546
minus,particle,11,13,19581,0.8099354731965586,0.8102706281552594,0.8461331002377579,0.9376959137994527,0.7181386284689938,0.969539559880948,1.0,1.0,0.003064194882794546
minus,particle,11,14,24176,1.0,1.0,1.0,1.0,0.9999999999999999,1.0,1.0,1.0,1.0
minus,particle,11,15,24176,1.0,1.0,1.0,1.0,0.9999999999999999,1.0,1.0,1.0,1.0
minus,particle,11,16,19581,0.8099354731965586,0.8102706281552594,0.8461331002377579,0.9376959137994527,0.7181386284689938,0.969539559880948,1.0,1.0,0.003064194882794546
minus,particle,11,17,19581,0.8099354731965586,0.8102706281552594,0.8461331002377579,0.9376959137994527,0.7181386284689938,0.969539559880948,1.0,1.0,0.003064194882794546
minus,particle,11,18,24176,1.0,1.0,1.0,1.0,0.9999999999999999,1.0,1.0,1.0,1.0
minus,particle,11,19,24176,1.0,1.0,1.0,1.0,0.9999999999999999,1.0,1.0,1.0,1.0
minus,particle,11,20,24176,1.0,1.0,1.0,1.0,0.9999999999999999,1.0,1.0,1.0,1.0
minus,particle,11,21,24176,1.0,1.0,1.0,1.0,0.9999999999999999,1.0,1.0,1.0,1.0
minus,particle,11,22,24176,1.0,1.0,1.0,1.0,0.9999999999999999,1.0,1.0,1.0,1.0
minus,particle,11,23,24176,1.0,1.0,1.0,1.0,0.9999999999999999,1.0,1.0,1.0,1.0
minus,particle,11,24,24176,1.0,1.0,1.0,1.0,0.9999999999999999,1.0,1.0,1.0,1.0
minus,particle,11,25,24176,1.0,1.0,1.0,1.0,0.9999999999999999,1.0,1.0,1.0,1.0
minus,particle,11,26,24176,1.0,1.0,1.0,1.0,0.9999999999999999,1.0,1.0,1.0,1.0
minus,particle,11,27,24176,1.0,1.0,1.0,1.0,0.9999999999999999,1.0,1.0,1.0,1.0
minus,particle,11,28,24176,1.0,1.0,1.0,1.0,0.9999999999999999,1.0,1.0,1.0,1.0
minus,particle,11,29,24176,1.0,1.0,1.0,1.0,0.9999999999999999,1.0,1.0,1.0,1.0
minus,particle,12,13,24166,1.0,1.0,0.9999999999999998,1.0,1.0,1.0,1.0,1.0,1.0
minus,particle,12,14,19581,0.8102706281552594,0.8099354731965586,0.846133100237758,0.9376959137994526,0.7181386284689939,0.969539559880948,1.0,1.0,0.003064194882794546
minus,particle,12,15,19581,0.8102706281552594,0.8099354731965586,0.846133100237758,0.9376959137994526,0.7181386284689939,0.969539559880948,1.0,1.0,0.003064194882794546
minus,particle,12,16,24166,1.0,1.0,0.9999999999999998,1.0,1.0,1.0,1.0,1.0,1.0
minus,particle,12,17,24166,1.0,1.0,0.9999999999999998,1.0,1.0,1.0,1.0,1.0,1.0
minus,particle,12,18,19581,0.8102706281552594,0.8099354731965586,0.846133100237758,0.9376959137994526,0.7181386284689939,0.969539559880948,1.0,1.0,0.003064194882794546
minus,particle,12,19,19581,0.8102706281552594,0.8099354731965586,0.846133100237758,0.9376959137994526,0.7181386284689939,0.969539559880948,1.0,1.0,0.003064194882794546
minus,particle,12,20,19581,0.8102706281552594,0.8099354731965586,0.846133100237758,0.9376959137994526,0.7181386284689939,0.969539559880948,1.0,1.0,0.003064194882794546
minus,particle,12,21,19581,0.8102706281552594,0.8099354731965586,0.846133100237758,0.9376959137994526,0.7181386284689939,0.969539559880948,1.0,1.0,0.003064194882794546
minus,particle,12,22,19581,0.8102706281552594,0.8099354731965586,0.846133100237758,0.9376959137994526,0.7181386284689939,0.969539559880948,1.0,1.0,0.003064194882794546
minus,particle,12,23,19581,0.8102706281552594,0.8099354731965586,0.846133100237758,0.9376959137994526,0.7181386284689939,0.969539559880948,1.0,1.0,0.003064194882794546
minus,particle,12,24,19581,0.8102706281552594,0.8099354731965586,0.846133100237758,0.9376959137994526,0.7181386284689939,0.969539559880948,1.0,1.0,0.003064194882794546
minus,particle,12,25,19581,0.8102706281552594,0.8099354731965586,0.846133100237758,0.9376959137994526,0.7181386284689939,0.969539559880948,1.0,1.0,0.003064194882794546
minus,particle,12,26,19581,0.8102706281552594,0.8099354731965586,0.846133100237758,0.9376959137994526,0.7181386284689939,0.969539559880948,1.0,1.0,0.003064194882794546
minus,particle,12,27,19581,0.8102706281552594,0.8099354731965586,0.846133100237758,0.9376959137994526,0.7181386284689939,0.969539559880948,1.0,1.0,0.003064194882794546
minus,particle,12,28,19581,0.8102706281552594,0.8099354731965586,0.846133100237758,0.9376959137994526,0.7181386284689939,0.969539559880948,1.0,1.0,0.003064194882794546
minus,particle,12,29,19581,0.8102706281552594,0.8099354731965586,0.846133100237758,0.9376959137994526,0.7181386284689939,0.969539559880948,1.0,1.0,0.003064194882794546
minus,particle,13,14,19581,0.8102706281552594,0.8099354731965586,0.846133100237758,0.9376959137994526,0.7181386284689939,0.969539559880948,1.0,1.0,0.003064194882794546
minus,particle,13,15,19581,0.8102706281552594,0.8099354731965586,0.846133100237758,0.9376959137994526,0.7181386284689939,0.969539559880948,1.0,1.0,0.003064194882794546
minus,particle,13,16,24166,1.0,1.0,0.9999999999999998,1.0,1.0,1.0,1.0,1.0,1.0
minus,particle,13,17,24166,1.0,1.0,0.9999999999999998,1.0,1.0,1.0,1.0,1.0,1.0
minus,particle,13,18,19581,0.8102706281552594,0.8099354731965586,0.846133100237758,0.9376959137994526,0.7181386284689939,0.969539559880948,1.0,1.0,0.003064194882794546
minus,particle,13,19,19581,0.8102706281552594,0.8099354731965586,0.846133100237758,0.9376959137994526,0.7181386284689939,0.969539559880948,1.0,1.0,0.003064194882794546
minus,particle,13,20,19581,0.8102706281552594,0.8099354731965586,0.846133100237758,0.9376959137994526,0.7181386284689939,0.969539559880948,1.0,1.0,0.003064194882794546
minus,particle,13,21,19581,0.8102706281552594,0.8099354731965586,0.846133100237758,0.9376959137994526,0.7181386284689939,0.969539559880948,1.0,1.0,0.003064194882794546
minus,particle,13,22,19581,0.8102706281552594,0.8099354731965586,0.846133100237758,0.9376959137994526,0.7181386284689939,0.969539559880948,1.0,1.0,0.003064194882794546
minus,particle,13,23,19581,0.8102706281552594,0.8099354731965586,0.846133100237758,0.9376959137994526,0.7181386284689939,0.969539559880948,1.0,1.0,0.003064194882794546
minus,particle,13,24,19581,0.8102706281552594,0.8099354731965586,0.846133100237758,0.9376959137994526,0.7181386284689939,0.969539559880948,1.0,1.0,0.003064194882794546
minus,particle,13,25,19581,0.8102706281552594,0.8099354731965586,0.846133100237758,0.9376959137994526,0.7181386284689939,0.969539559880948,1.0,1.0,0.003064194882794546
minus,particle,13,26,19581,0.8102706281552594,0.8099354731965586,0.846133100237758,0.9376959137994526,0.7181386284689939,0.969539559880948,1.0,1.0,0.003064194882794546
minus,particle,13,27,19581,0.8102706281552594,0.8099354731965586,0.846133100237758,0.9376959137994526,0.7181386284689939,0.969539559880948,1.0,1.0,0.003064194882794546
minus,particle,13,28,19581,0.8102706281552594,0.8099354731965586,0.846133100237758,0.9376959137994526,0.7181386284689939,0.969539559880948,1.0,1.0,0.003064194882794546
minus,particle,13,29,19581,0.8102706281552594,0.8099354731965586,0.846133100237758,0.9376959137994526,0.7181386284689939,0.969539559880948,1.0,1.0,0.003064194882794546
minus,particle,14,15,24176,1.0,1.0,1.0,1.0,0.9999999999999999,1.0,1.0,1.0,1.0
minus,particle,14,16,19581,0.8099354731965586,0.8102706281552594,0.8461331002377579,0.9376959137994527,0.7181386284689938,0.969539559880948,1.0,1.0,0.003064194882794546
minus,particle,14,17,19581,0.8099354731965586,0.8102706281552594,0.8461331002377579,0.9376959137994527,0.7181386284689938,0.969539559880948,1.0,1.0,0.003064194882794546
minus,particle,14,18,24176,1.0,1.0,1.0,1.0,0.9999999999999999,1.0,1.0,1.0,1.0
minus,particle,14,19,24176,1.0,1.0,1.0,1.0,0.9999999999999999,1.0,1.0,1.0,1.0
minus,particle,14,20,24176,1.0,1.0,1.0,1.0,0.9999999999999999,1.0,1.0,1.0,1.0
minus,particle,14,21,24176,1.0,1.0,1.0,1.0,0.9999999999999999,1.0,1.0,1.0,1.0
minus,particle,14,22,24176,1.0,1.0,1.0,1.0,0.9999999999999999,1.0,1.0,1.0,1.0
minus,particle,14,23,24176,1.0,1.0,1.0,1.0,0.9999999999999999,1.0,1.0,1.0,1.0
minus,particle,14,24,24176,1.0,1.0,1.0,1.0,0.9999999999999999,1.0,1.0,1.0,1.0
minus,particle,14,25,24176,1.0,1.0,1.0,1.0,0.9999999999999999,1.0,1.0,1.0,1.0
minus,particle,14,26,24176,1.0,1.0,1.0,1.0,0.9999999999999999,1.0,1.0,1.0,1.0
minus,particle,14,27,24176,1.0,1.0,1.0,1.0,0.9999999999999999,1.0,1.0,1.0,1.0
minus,particle,14,28,24176,1.0,1.0,1.0,1.0,0.9999999999999999,1.0,1.0,1.0,1.0
minus,particle,14,29,24176,1.0,1.0,1.0,1.0,0.9999999999999999,1.0,1.0,1.0,1.0
minus,particle,15,16,19581,0.8099354731965586,0.8102706281552594,0.8461331002377579,0.9376959137994527,0.7181386284689938,0.969539559880948,1.0,1.0,0.003064194882794546
minus,particle,15,17,19581,0.8099354731965586,0.8102706281552594,0.8461331002377579,0.9376959137994527,0.7181386284689938,0.969539559880948,1.0,1.0,0.003064194882794546
minus,particle,15,18,24176,1.0,1.0,1.0,1.0,0.9999999999999999,1.0,1.0,1.0,1.0
minus,particle,15,19,24176,1.0,1.0,1.0,1.0,0.9999999999999999,1.0,1.0,1.0,1.0
minus,particle,15,20,24176,1.0,1.0,1.0,1.0,0.9999999999999999,1.0,1.0,1.0,1.0
minus,particle,15,21,24176,1.0,1.0,1.0,1.0,0.9999999999999999,1.0,1.0,1.0,1.0
minus,particle,15,22,24176,1.0,1.0,1.0,1.0,0.9999999999999999,1.0,1.0,1.0,1.0
minus,particle,15,23,24176,1.0,1.0,1.0,1.0,0.9999999999999999,1.0,1.0,1.0,1.0
minus,particle,15,24,24176,1.0,1.0,1.0,1.0,0.9999999999999999,1.0,1.0,1.0,1.0
minus,particle,15,25,24176,1.0,1.0,1.0,1.0,0.9999999999999999,1.0,1.0,1.0,1.0
minus,particle,15,26,24176,1.0,1.0,1.0,1.0,0.9999999999999999,1.0,1.0,1.0,1.0
minus,particle,15,27,24176,1.0,1.0,1.0,1.0,0.9999999999999999,1.0,1.0,1.0,1.0
minus,particle,15,28,24176,1.0,1.0,1.0,1.0,0.9999999999999999,1.0,1.0,1.0,1.0
minus,particle,15,29,24176,1.0,1.0,1.0,1.0,0.9999999999999999,1.0,1.0,1.0,1.0
minus,particle,16,17,24166,1.0,1.0,0.9999999999999998,1.0,1.0,1.0,1.0,1.0,1.0
minus,particle,16,18,19581,0.8102706281552594,0.8099354731965586,0.846133100237758,0.9376959137994526,0.7181386284689939,0.969539559880948,1.0,1.0,0.003064194882794546
minus,particle,16,19,19581,0.8102706281552594,0.8099354731965586,0.846133100237758,0.9376959137994526,0.7181386284689939,0.969539559880948,1.0,1.0,0.003064194882794546
minus,particle,16,20,19581,0.8102706281552594,0.8099354731965586,0.846133100237758,0.9376959137994526,0.7181386284689939,0.969539559880948,1.0,1.0,0.003064194882794546
minus,particle,16,21,19581,0.8102706281552594,0.8099354731965586,0.846133100237758,0.9376959137994526,0.7181386284689939,0.969539559880948,1.0,1.0,0.003064194882794546
minus,particle,16,22,19581,0.8102706281552594,0.8099354731965586,0.846133100237758,0.9376959137994526,0.7181386284689939,0.969539559880948,1.0,1.0,0.003064194882794546
minus,particle,16,23,19581,0.8102706281552594,0.8099354731965586,0.846133100237758,0.9376959137994526,0.7181386284689939,0.969539559880948,1.0,1.0,0.003064194882794546
minus,particle,16,24,19581,0.8102706281552594,0.8099354731965586,0.846133100237758,0.9376959137994526,0.7181386284689939,0.969539559880948,1.0,1.0,0.003064194882794546
minus,particle,16,25,19581,0.8102706281552594,0.8099354731965586,0.846133100237758,0.9376959137994526,0.7181386284689939,0.969539559880948,1.0,1.0,0.003064194882794546
minus,particle,16,26,19581,0.8102706281552594,0.8099354731965586,0.846133100237758,0.9376959137994526,0.7181386284689939,0.969539559880948,1.0,1.0,0.003064194882794546
minus,particle,16,27,19581,0.8102706281552594,0.8099354731965586,0.846133100237758,0.9376959137994526,0.7181386284689939,0.969539559880948,1.0,1.0,0.003064194882794546
minus,particle,16,28,19581,0.8102706281552594,0.8099354731965586,0.846133100237758,0.9376959137994526,0.7181386284689939,0.969539559880948,1.0,1.0,0.003064194882794546
minus,particle,16,29,19581,0.8102706281552594,0.8099354731965586,0.846133100237758,0.9376959137994526,0.7181386284689939,0.969539559880948,1.0,1.0,0.003064194882794546
minus,particle,17,18,19581,0.8102706281552594,0.8099354731965586,0.846133100237758,0.9376959137994526,0.7181386284689939,0.969539559880948,1.0,1.0,0.003064194882794546
minus,particle,17,19,19581,0.8102706281552594,0.8099354731965586,0.846133100237758,0.9376959137994526,0.7181386284689939,0.969539559880948,1.0,1.0,0.003064194882794546
minus,particle,17,20,19581,0.8102706281552594,0.8099354731965586,0.846133100237758,0.9376959137994526,0.7181386284689939,0.969539559880948,1.0,1.0,0.003064194882794546
minus,particle,17,21,19581,0.8102706281552594,0.8099354731965586,0.846133100237758,0.9376959137994526,0.7181386284689939,0.969539559880948,1.0,1.0,0.003064194882794546
minus,particle,17,22,19581,0.8102706281552594,0.8099354731965586,0.846133100237758,0.9376959137994526,0.7181386284689939,0.969539559880948,1.0,1.0,0.003064194882794546
minus,particle,17,23,19581,0.8102706281552594,0.8099354731965586,0.846133100237758,0.9376959137994526,0.7181386284689939,0.969539559880948,1.0,1.0,0.003064194882794546
minus,particle,17,24,19581,0.8102706281552594,0.8099354731965586,0.846133100237758,0.9376959137994526,0.7181386284689939,0.969539559880948,1.0,1.0,0.003064194882794546
minus,particle,17,25,19581,0.8102706281552594,0.8099354731965586,0.846133100237758,0.9376959137994526,0.7181386284689939,0.969539559880948,1.0,1.0,0.003064194882794546
minus,particle,17,26,19581,0.8102706281552594,0.8099354731965586,0.846133100237758,0.9376959137994526,0.7181386284689939,0.969539559880948,1.0,1.0,0.003064194882794546
minus,particle,17,27,19581,0.8102706281552594,0.8099354731965586,0.846133100237758,0.9376959137994526,0.7181386284689939,0.969539559880948,1.0,1.0,0.003064194882794546
minus,particle,17,28,19581,0.8102706281552594,0.8099354731965586,0.846133100237758,0.9376959137994526,0.7181386284689939,0.969539559880948,1.0,1.0,0.003064194882794546
minus,particle,17,29,19581,0.8102706281552594,0.8099354731965586,0.846133100237758,0.9376959137994526,0.7181386284689939,0.969539559880948,1.0,1.0,0.003064194882794546
minus,particle,18,19,24176,1.0,1.0,1.0,1.0,0.9999999999999999,1.0,1.0,1.0,1.0
minus,particle,18,20,24176,1.0,1.0,1.0,1.0,0.9999999999999999,1.0,1.0,1.0,1.0
minus,particle,18,21,24176,1.0,1.0,1.0,1.0,0.9999999999999999,1.0,1.0,1.0,1.0
minus,particle,18,22,24176,1.0,1.0,1.0,1.0,0.9999999999999999,1.0,1.0,1.0,1.0
minus,particle,18,23,24176,1.0,1.0,1.0,1.0,0.9999999999999999,1.0,1.0,1.0,1.0
minus,particle,18,24,24176,1.0,1.0,1.0,1.0,0.9999999999999999,1.0,1.0,1.0,1.0
minus,particle,18,25,24176,1.0,1.0,1.0,1.0,0.9999999999999999,1.0,1.0,1.0,1.0
minus,particle,18,26,24176,1.0,1.0,1.0,1.0,0.9999999999999999,1.0,1.0,1.0,1.0
minus,particle,18,27,24176,1.0,1.0,1.0,1.0,0.9999999999999999,1.0,1.0,1.0,1.0
minus,particle,18,28,24176,1.0,1.0,1.0,1.0,0.9999999999999999,1.0,1.0,1.0,1.0
minus,particle,18,29,24176,1.0,1.0,1.0,1.0,0.9999999999999999,1.0,1.0,1.0,1.0
minus,particle,19,20,24176,1.0,1.0,1.0,1.0,0.9999999999999999,1.0,1.0,1.0,1.0
minus,particle,19,21,24176,1.0,1.0,1.0,1.0,0.9999999999999999,1.0,1.0,1.0,1.0
minus,particle,19,22,24176,1.0,1.0,1.0,1.0,0.9999999999999999,1.0,1.0,1.0,1.0
minus,particle,19,23,24176,1.0,1.0,1.0,1.0,0.9999999999999999,1.0,1.0,1.0,1.0
minus,particle,19,24,24176,1.0,1.0,1.0,1.0,0.9999999999999999,1.0,1.0,1.0,1.0
minus,particle,19,25,24176,1.0,1.0,1.0,1.0,0.9999999999999999,1.0,1.0,1.0,1.0
minus,particle,19,26,24176,1.0,1.0,1.0,1.0,0.9999999999999999,1.0,1.0,1.0,1.0
minus,particle,19,27,24176,1.0,1.0,1.0,1.0,0.9999999999999999,1.0,1.0,1.0,1.0
minus,particle,19,28,24176,1.0,1.0,1.0,1.0,0.9999999999999999,1.0,1.0,1.0,1.0
minus,particle,19,29,24176,1.0,1.0,1.0,1.0,0.9999999999999999,1.0,1.0,1.0,1.0
minus,particle,20,21,24176,1.0,1.0,1.0,1.0,0.9999999999999999,1.0,1.0,1.0,1.0
minus,particle,20,22,24176,1.0,1.0,1.0,1.0,0.9999999999999999,1.0,1.0,1.0,1.0
minus,particle,20,23,24176,1.0,1.0,1.0,1.0,0.9999999999999999,1.0,1.0,1.0,1.0
minus,particle,20,24,24176,1.0,1.0,1.0,1.0,0.9999999999999999,1.0,1.0,1.0,1.0
minus,particle,20,25,24176,1.0,1.0,1.0,1.0,0.9999999999999999,1.0,1.0,1.0,1.0
minus,particle,20,26,24176,1.0,1.0,1.0,1.0,0.9999999999999999,1.0,1.0,1.0,1.0
minus,particle,20,27,24176,1.0,1.0,1.0,1.0,0.9999999999999999,1.0,1.0,1.0,1.0
minus,particle,20,28,24176,1.0,1.0,1.0,1.0,0.9999999999999999,1.0,1.0,1.0,1.0
minus,particle,20,29,24176,1.0,1.0,1.0,1.0,0.9999999999999999,1.0,1.0,1.0,1.0
minus,particle,21,22,24176,1.0,1.0,1.0,1.0,0.9999999999999999,1.0,1.0,1.0,1.0
minus,particle,21,23,24176,1.0,1.0,1.0,1.0,0.9999999999999999,1.0,1.0,1.0,1.0
minus,particle,21,24,24176,1.0,1.0,1.0,1.0,0.9999999999999999,1.0,1.0,1.0,1.0
minus,particle,21,25,24176,1.0,1.0,1.0,1.0,0.9999999999999999,1.0,1.0,1.0,1.0
minus,particle,21,26,24176,1.0,1.0,1.0,1.0,0.9999999999999999,1.0,1.0,1.0,1.0
minus,particle,21,27,24176,1.0,1.0,1.0,1.0,0.9999999999999999,1.0,1.0,1.0,1.0
minus,particle,21,28,24176,1.0,1.0,1.0,1.0,0.9999999999999999,1.0,1.0,1.0,1.0
minus,particle,21,29,24176,1.0,1.0,1.0,1.0,0.9999999999999999,1.0,1.0,1.0,1.0
minus,particle,22,23,24176,1.0,1.0,1.0,1.0,0.9999999999999999,1.0,1.0,1.0,1.0
minus,particle,22,24,24176,1.0,1.0,1.0,1.0,0.9999999999999999,1.0,1.0,1.0,1.0
minus,particle,22,25,24176,1.0,1.0,1.0,1.0,0.9999999999999999,1.0,1.0,1.0,1.0
minus,particle,22,26,24176,1.0,1.0,1.0,1.0,0.9999999999999999,1.0,1.0,1.0,1.0
minus,particle,22,27,24176,1.0,1.0,1.0,1.0,0.9999999999999999,1.0,1.0,1.0,1.0
minus,particle,22,28,24176,1.0,1.0,1.0,1.0,0.9999999999999999,1.0,1.0,1.0,1.0
minus,particle,22,29,24176,1.0,1.0,1.0,1.0,0.9999999999999999,1.0,1.0,1.0,1.0
minus,particle,23,24,24176,1.0,1.0,1.0,1.0,0.9999999999999999,1.0,1.0,1.0,1.0
minus,particle,23,25,24176,1.0,1.0,1.0,1.0,0.9999999999999999,1.0,1.0,1.0,1.0
minus,particle,23,26,24176,1.0,1.0,1.0,1.0,0.9999999999999999,1.0,1.0,1.0,1.0
minus,particle,23,27,24176,1.0,1.0,1.0,1.0,0.9999999999999999,1.0,1.0,1.0,1.0
minus,particle,23,28,24176,1.0,1.0,1.0,1.0,0.9999999999999999,1.0,1.0,1.0,1.0
minus,particle,23,29,24176,1.0,1.0,1.0,1.0,0.9999999999999999,1.0,1.0,1.0,1.0
minus,particle,24,25,24176,1.0,1.0,1.0,1.0,0.9999999999999999,1.0,1.0,1.0,1.0
minus,particle,24,26,24176,1.0,1.0,1.0,1.0,0.9999999999999999,1.0,1.0,1.0,1.0
minus,particle,24,27,24176,1.0,1.0,1.0,1.0,0.9999999999999999,1.0,1.0,1.0,1.0
minus,particle,24,28,24176,1.0,1.0,1.0,1.0,0.9999999999999999,1.0,1.0,1.0,1.0
minus,particle,24,29,24176,1.0,1.0,1.0,1.0,0.9999999999999999,1.0,1.0,1.0,1.0
minus,particle,25,26,24176,1.0,1.0,1.0,1.0,0.9999999999999999,1.0,1.0,1.0,1.0
minus,particle,25,27,24176,1.0,1.0,1.0,1.0,0.9999999999999999,1.0,1.0,1.0,1.0
minus,particle,25,28,24176,1.0,1.0,1.0,1.0,0.9999999999999999,1.0,1.0,1.0,1.0
minus,particle,25,29,24176,1.0,1.0,1.0,1.0,0.9999999999999999,1.0,1.0,1.0,1.0
minus,particle,26,27,24176,1.0,1.0,1.0,1.0,0.9999999999999999,1.0,1.0,1.0,1.0
minus,particle,26,28,24176,1.0,1.0,1.0,1.0,0.9999999999999999,1.0,1.0,1.0,1.0
minus,particle,26,29,24176,1.0,1.0,1.0,1.0,0.9999999999999999,1.0,1.0,1.0,1.0
minus,particle,27,28,24176,1.0,1.0,1.0,1.0,0.9999999999999999,1.0,1.0,1.0,1.0
minus,particle,27,29,24176,1.0,1.0,1.0,1.0,0.9999999999999999,1.0,1.0,1.0,1.0
minus,particle,28,29,24176,1.0,1.0,1.0,1.0,0.9999999999999999,1.0,1.0,1.0,1.0
minus,parton,10,11,35078,1.0,1.0,1.0,1.0,0.9999999999999999,1.0,1.0,1.0,1.0
minus,parton,10,12,35078,1.0,1.0,1.0,1.0,0.9999999999999999,1.0,1.0,1.0,1.0
minus,parton,10,13,35078,1.0,1.0,1.0,1.0,0.9999999999999999,1.0,1.0,1.0,1.0
minus,parton,10,14,35078,1.0,1.0,1.0,1.0,0.9999999999999999,1.0,1.0,1.0,1.0
minus,parton,10,15,35078,1.0,1.0,1.0,1.0,0.9999999999999999,1.0,1.0,1.0,1.0
minus,parton,10,16,35078,1.0,1.0,1.0,1.0,0.9999999999999999,1.0,1.0,1.0,1.0
minus,parton,10,17,35078,1.0,1.0,1.0,1.0,0.9999999999999999,1.0,1.0,1.0,1.0
minus,parton,10,18,35078,1.0,1.0,1.0,1.0,0.9999999999999999,1.0,1.0,1.0,1.0
minus,parton,10,19,35078,1.0,1.0,1.0,1.0,0.9999999999999999,1.0,1.0,1.0,1.0
minus,parton,10,20,35078,1.0,1.0,1.0,1.0,0.9999999999999999,1.0,1.0,1.0,1.0
minus,parton,10,21,35078,1.0,1.0,1.0,1.0,0.9999999999999999,1.0,1.0,1.0,1.0
minus,parton,10,22,35078,1.0,1.0,1.0,1.0,0.9999999999999999,1.0,1.0,1.0,1.0
minus,parton,10,23,35078,1.0,1.0,1.0,1.0,0.9999999999999999,1.0,1.0,1.0,1.0
minus,parton,10,24,35078,1.0,1.0,1.0,1.0,0.9999999999999999,1.0,1.0,1.0,1.0
minus,parton,10,25,35078,1.0,1.0,1.0,1.0,0.9999999999999999,1.0,1.0,1.0,1.0
minus,parton,10,26,35078,1.0,1.0,1.0,1.0,0.9999999999999999,1.0,1.0,1.0,1.0
minus,parton,10,27,35078,1.0,1.0,1.0,1.0,0.9999999999999999,1.0,1.0,1.0,1.0
minus,parton,10,28,35078,1.0,1.0,1.0,1.0,0.9999999999999999,1.0,1.0,1.0,1.0
minus,parton,10,29,35078,1.0,1.0,1.0,1.0,0.9999999999999999,1.0,1.0,1.0,1.0
minus,parton,11,12,35078,1.0,1.0,1.0,1.0,0.9999999999999999,1.0,1.0,1.0,1.0
minus,parton,11,13,35078,1.0,1.0,1.0,1.0,0.9999999999999999,1.0,1.0,1.0,1.0
minus,parton,11,14,35078,1.0,1.0,1.0,1.0,0.9999999999999999,1.0,1.0,1.0,1.0
minus,parton,11,15,35078,1.0,1.0,1.0,1.0,0.9999999999999999,1.0,1.0,1.0,1.0
minus,parton,11,16,35078,1.0,1.0,1.0,1.0,0.9999999999999999,1.0,1.0,1.0,1.0
minus,parton,11,17,35078,1.0,1.0,1.0,1.0,0.9999999999999999,1.0,1.0,1.0,1.0
minus,parton,11,18,35078,1.0,1.0,1.0,1.0,0.9999999999999999,1.0,1.0,1.0,1.0
minus,parton,11,19,35078,1.0,1.0,1.0,1.0,0.9999999999999999,1.0,1.0,1.0,1.0
minus,parton,11,20,35078,1.0,1.0,1.0,1.0,0.9999999999999999,1.0,1.0,1.0,1.0
minus,parton,11,21,35078,1.0,1.0,1.0,1.0,0.9999999999999999,1.0,1.0,1.0,1.0
minus,parton,11,22,35078,1.0,1.0,1.0,1.0,0.9999999999999999,1.0,1.0,1.0,1.0
minus,parton,11,23,35078,1.0,1.0,1.0,1.0,0.9999999999999999,1.0,1.0,1.0,1.0
minus,parton,11,24,35078,1.0,1.0,1.0,1.0,0.9999999999999999,1.0,1.0,1.0,1.0
minus,parton,11,25,35078,1.0,1.0,1.0,1.0,0.9999999999999999,1.0,1.0,1.0,1.0
minus,parton,11,26,35078,1.0,1.0,1.0,1.0,0.9999999999999999,1.0,1.0,1.0,1.0
minus,parton,11,27,35078,1.0,1.0,1.0,1.0,0.9999999999999999,1.0,1.0,1.0,1.0
minus,parton,11,28,35078,1.0,1.0,1.0,1.0,0.9999999999999999,1.0,1.0,1.0,1.0
minus,parton,11,29,35078,1.0,1.0,1.0,1.0,0.9999999999999999,1.0,1.0,1.0,1.0
minus,parton,12,13,35078,1.0,1.0,1.0,1.0,0.9999999999999999,1.0,1.0,1.0,1.0
minus,parton,12,14,35078,1.0,1.0,1.0,1.0,0.9999999999999999,1.0,1.0,1.0,1.0
minus,parton,12,15,35078,1.0,1.0,1.0,1.0,0.9999999999999999,1.0,1.0,1.0,1.0
minus,parton,12,16,35078,1.0,1.0,1.0,1.0,0.9999999999999999,1.0,1.0,1.0,1.0
minus,parton,12,17,35078,1.0,1.0,1.0,1.0,0.9999999999999999,1.0,1.0,1.0,1.0
minus,parton,12,18,35078,1.0,1.0,1.0,1.0,0.9999999999999999,1.0,1.0,1.0,1.0
minus,parton,12,19,35078,1.0,1.0,1.0,1.0,0.9999999999999999,1.0,1.0,1.0,1.0
minus,parton,12,20,35078,1.0,1.0,1.0,1.0,0.9999999999999999,1.0,1.0,1.0,1.0
minus,parton,12,21,35078,1.0,1.0,1.0,1.0,0.9999999999999999,1.0,1.0,1.0,1.0
minus,parton,12,22,35078,1.0,1.0,1.0,1.0,0.9999999999999999,1.0,1.0,1.0,1.0
minus,parton,12,23,35078,1.0,1.0,1.0,1.0,0.9999999999999999,1.0,1.0,1.0,1.0
minus,parton,12,24,35078,1.0,1.0,1.0,1.0,0.9999999999999999,1.0,1.0,1.0,1.0
minus,parton,12,25,35078,1.0,1.0,1.0,1.0,0.9999999999999999,1.0,1.0,1.0,1.0
minus,parton,12,26,35078,1.0,1.0,1.0,1.0,0.9999999999999999,1.0,1.0,1.0,1.0
minus,parton,12,27,35078,1.0,1.0,1.0,1.0,0.9999999999999999,1.0,1.0,1.0,1.0
minus,parton,12,28,35078,1.0,1.0,1.0,1.0,0.9999999999999999,1.0,1.0,1.0,1.0
minus,parton,12,29,35078,1.0,1.0,1.0,1.0,0.9999999999999999,1.0,1.0,1.0,1.0
minus,parton,13,14,35078,1.0,1.0,1.0,1.0,0.9999999999999999,1.0,1.0,1.0,1.0
minus,parton,13,15,35078,1.0,1.0,1.0,1.0,0.9999999999999999,1.0,1.0,1.0,1.0
minus,parton,13,16,35078,1.0,1.0,1.0,1.0,0.9999999999999999,1.0,1.0,1.0,1.0
minus,parton,13,17,35078,1.0,1.0,1.0,1.0,0.9999999999999999,1.0,1.0,1.0,1.0
minus,parton,13,18,35078,1.0,1.0,1.0,1.0,0.9999999999999999,1.0,1.0,1.0,1.0
minus,parton,13,19,35078,1.0,1.0,1.0,1.0,0.9999999999999999,1.0,1.0,1.0,1.0
minus,parton,13,20,35078,1.0,1.0,1.0,1.0,0.9999999999999999,1.0,1.0,1.0,1.0
minus,parton,13,21,35078,1.0,1.0,1.0,1.0,0.9999999999999999,1.0,1.0,1.0,1.0
minus,parton,13,22,35078,1.0,1.0,1.0,1.0,0.9999999999999999,1.0,1.0,1.0,1.0
minus,parton,13,23,35078,1.0,1.0,1.0,1.0,0.9999999999999999,1.0,1.0,1.0,1.0
minus,parton,13,24,35078,1.0,1.0,1.0,1.0,0.9999999999999999,1.0,1.0,1.0,1.0
minus,parton,13,25,35078,1.0,1.0,1.0,1.0,0.9999999999999999,1.0,1.0,1.0,1.0
minus,parton,13,26,35078,1.0,1.0,1.0,1.0,0.9999999999999999,1.0,1.0,1.0,1.0
minus,parton,13,27,35078,1.0,1.0,1.0,1.0,0.9999999999999999,1.0,1.0,1.0,1.0
minus,parton,13,28,35078,1.0,1.0,1.0,1.0,0.9999999999999999,1.0,1.0,1.0,1.0
minus,parton,13,29,35078,1.0,1.0,1.0,1.0,0.9999999999999999,1.0,1.0,1.0,1.0
minus,parton,14,15,35078,1.0,1.0,1.0,1.0,0.9999999999999999,1.0,1.0,1.0,1.0
minus,parton,14,16,35078,1.0,1.0,1.0,1.0,0.9999999999999999,1.0,1.0,1.0,1.0
minus,parton,14,17,35078,1.0,1.0,1.0,1.0,0.9999999999999999,1.0,1.0,1.0,1.0
minus,parton,14,18,35078,1.0,1.0,1.0,1.0,0.9999999999999999,1.0,1.0,1.0,1.0
minus,parton,14,19,35078,1.0,1.0,1.0,1.0,0.9999999999999999,1.0,1.0,1.0,1.0
minus,parton,14,20,35078,1.0,1.0,1.0,1.0,0.9999999999999999,1.0,1.0,1.0,1.0
minus,parton,14,21,35078,1.0,1.0,1.0,1.0,0.9999999999999999,1.0,1.0,1.0,1.0
minus,parton,14,22,35078,1.0,1.0,1.0,1.0,0.9999999999999999,1.0,1.0,1.0,1.0
minus,parton,14,23,35078,1.0,1.0,1.0,1.0,0.9999999999999999,1.0,1.0,1.0,1.0
minus,parton,14,24,35078,1.0,1.0,1.0,1.0,0.9999999999999999,1.0,1.0,1.0,1.0
minus,parton,14,25,35078,1.0,1.0,1.0,1.0,0.9999999999999999,1.0,1.0,1.0,1.0
minus,parton,14,26,35078,1.0,1.0,1.0,1.0,0.9999999999999999,1.0,1.0,1.0,1.0
minus,parton,14,27,35078,1.0,1.0,1.0,1.0,0.9999999999999999,1.0,1.0,1.0,1.0
minus,parton,14,28,35078,1.0,1.0,1.0,1.0,0.9999999999999999,1.0,1.0,1.0,1.0
minus,parton,14,29,35078,1.0,1.0,1.0,1.0,0.9999999999999999,1.0,1.0,1.0,1.0
minus,parton,15,16,35078,1.0,1.0,1.0,1.0,0.9999999999999999,1.0,1.0,1.0,1.0
minus,parton,15,17,35078,1.0,1.0,1.0,1.0,0.9999999999999999,1.0,1.0,1.0,1.0
minus,parton,15,18,35078,1.0,1.0,1.0,1.0,0.9999999999999999,1.0,1.0,1.0,1.0
minus,parton,15,19,35078,1.0,1.0,1.0,1.0,0.9999999999999999,1.0,1.0,1.0,1.0
minus,parton,15,20,35078,1.0,1.0,1.0,1.0,0.9999999999999999,1.0,1.0,1.0,1.0
minus,parton,15,21,35078,1.0,1.0,1.0,1.0,0.9999999999999999,1.0,1.0,1.0,1.0
minus,parton,15,22,35078,1.0,1.0,1.0,1.0,0.9999999999999999,1.0,1.0,1.0,1.0
minus,parton,15,23,35078,1.0,1.0,1.0,1.0,0.9999999999999999,1.0,1.0,1.0,1.0
minus,parton,15,24,35078,1.0,1.0,1.0,1.0,0.9999999999999999,1.0,1.0,1.0,1.0
minus,parton,15,25,35078,1.0,1.0,1.0,1.0,0.9999999999999999,1.0,1.0,1.0,1.0
minus,parton,15,26,35078,1.0,1.0,1.0,1.0,0.9999999999999999,1.0,1.0,1.0,1.0
minus,parton,15,27,35078,1.0,1.0,1.0,1.0,0.9999999999999999,1.0,1.0,1.0,1.0
minus,parton,15,28,35078,1.0,1.0,1.0,1.0,0.9999999999999999,1.0,1.0,1.0,1.0
minus,parton,15,29,35078,1.0,1.0,1.0,1.0,0.9999999999999999,1.0,1.0,1.0,1.0
minus,parton,16,17,35078,1.0,1.0,1.0,1.0,0.9999999999999999,1.0,1.0,1.0,1.0
minus,parton,16,18,35078,1.0,1.0,1.0,1.0,0.9999999999999999,1.0,1.0,1.0,1.0
minus,parton,16,19,35078,1.0,1.0,1.0,1.0,0.9999999999999999,1.0,1.0,1.0,1.0
minus,parton,16,20,35078,1.0,1.0,1.0,1.0,0.9999999999999999,1.0,1.0,1.0,1.0
minus,parton,16,21,35078,1.0,1.0,1.0,1.0,0.9999999999999999,1.0,1.0,1.0,1.0
minus,parton,16,22,35078,1.0,1.0,1.0,1.0,0.9999999999999999,1.0,1.0,1.0,1.0
minus,parton,16,23,35078,1.0,1.0,1.0,1.0,0.9999999999999999,1.0,1.0,1.0,1.0
minus,parton,16,24,35078,1.0,1.0,1.0,1.0,0.9999999999999999,1.0,1.0,1.0,1.0
minus,parton,16,25,35078,1.0,1.0,1.0,1.0,0.9999999999999999,1.0,1.0,1.0,1.0
minus,parton,16,26,35078,1.0,1.0,1.0,1.0,0.9999999999999999,1.0,1.0,1.0,1.0
minus,parton,16,27,35078,1.0,1.0,1.0,1.0,0.9999999999999999,1.0,1.0,1.0,1.0
minus,parton,16,28,35078,1.0,1.0,1.0,1.0,0.9999999999999999,1.0,1.0,1.0,1.0
minus,parton,16,29,35078,1.0,1.0,1.0,1.0,0.9999999999999999,1.0,1.0,1.0,1.0
minus,parton,17,18,35078,1.0,1.0,1.0,1.0,0.9999999999999999,1.0,1.0,1.0,1.0
minus,parton,17,19,35078,1.0,1.0,1.0,1.0,0.9999999999999999,1.0,1.0,1.0,1.0
minus,parton,17,20,35078,1.0,1.0,1.0,1.0,0.9999999999999999,1.0,1.0,1.0,1.0
minus,parton,17,21,35078,1.0,1.0,1.0,1.0,0.9999999999999999,1.0,1.0,1.0,1.0
minus,parton,17,22,35078,1.0,1.0,1.0,1.0,0.9999999999999999,1.0,1.0,1.0,1.0
minus,parton,17,23,35078,1.0,1.0,1.0,1.0,0.9999999999999999,1.0,1.0,1.0,1.0
minus,parton,17,24,35078,1.0,1.0,1.0,1.0,0.9999999999999999,1.0,1.0,1.0,1.0
minus,parton,17,25,35078,1.0,1.0,1.0,1.0,0.9999999999999999,1.0,1.0,1.0,1.0
minus,parton,17,26,35078,1.0,1.0,1.0,1.0,0.9999999999999999,1.0,1.0,1.0,1.0
minus,parton,17,27,35078,1.0,1.0,1.0,1.0,0.9999999999999999,1.0,1.0,1.0,1.0
minus,parton,17,28,35078,1.0,1.0,1.0,1.0,0.9999999999999999,1.0,1.0,1.0,1.0
minus,parton,17,29,35078,1.0,1.0,1.0,1.0,0.9999999999999999,1.0,1.0,1.0,1.0
minus,parton,18,19,35078,1.0,1.0,1.0,1.0,0.9999999999999999,1.0,1.0,1.0,1.0
minus,parton,18,20,35078,1.0,1.0,1.0,1.0,0.9999999999999999,1.0,1.0,1.0,1.0
minus,parton,18,21,35078,1.0,1.0,1.0,1.0,0.9999999999999999,1.0,1.0,1.0,1.0
minus,parton,18,22,35078,1.0,1.0,1.0,1.0,0.9999999999999999,1.0,1.0,1.0,1.0
minus,parton,18,23,35078,1.0,1.0,1.0,1.0,0.9999999999999999,1.0,1.0,1.0,1.0
minus,parton,18,24,35078,1.0,1.0,1.0,1.0,0.9999999999999999,1.0,1.0,1.0,1.0
minus,parton,18,25,35078,1.0,1.0,1.0,1.0,0.9999999999999999,1.0,1.0,1.0,1.0
minus,parton,18,26,35078,1.0,1.0,1.0,1.0,0.9999999999999999,1.0,1.0,1.0,1.0
minus,parton,18,27,35078,1.0,1.0,1.0,1.0,0.9999999999999999,1.0,1.0,1.0,1.0
minus,parton,18,28,35078,1.0,1.0,1.0,1.0,0.9999999999999999,1.0,1.0,1.0,1.0
minus,parton,18,29,35078,1.0,1.0,1.0,1.0,0.9999999999999999,1.0,1.0,1.0,1.0
minus,parton,19,20,35078,1.0,1.0,1.0,1.0,0.9999999999999999,1.0,1.0,1.0,1.0
minus,parton,19,21,35078,1.0,1.0,1.0,1.0,0.9999999999999999,1.0,1.0,1.0,1.0
minus,parton,19,22,35078,1.0,1.0,1.0,1.0,0.9999999999999999,1.0,1.0,1.0,1.0
minus,parton,19,23,35078,1.0,1.0,1.0,1.0,0.9999999999999999,1.0,1.0,1.0,1.0
minus,parton,19,24,35078,1.0,1.0,1.0,1.0,0.9999999999999999,1.0,1.0,1.0,1.0
minus,parton,19,25,35078,1.0,1.0,1.0,1.0,0.9999999999999999,1.0,1.0,1.0,1.0
minus,parton,19,26,35078,1.0,1.0,1.0,1.0,0.9999999999999999,1.0,1.0,1.0,1.0
minus,parton,19,27,35078,1.0,1.0,1.0,1.0,0.9999999999999999,1.0,1.0,1.0,1.0
minus,parton,19,28,35078,1.0,1.0,1.0,1.0,0.9999999999999999,1.0,1.0,1.0,1.0
minus,parton,19,29,35078,1.0,1.0,1.0,1.0,0.9999999999999999,1.0,1.0,1.0,1.0
minus,parton,20,21,35078,1.0,1.0,1.0,1.0,0.9999999999999999,1.0,1.0,1.0,1.0
minus,parton,20,22,35078,1.0,1.0,1.0,1.0,0.9999999999999999,1.0,1.0,1.0,1.0
minus,parton,20,23,35078,1.0,1.0,1.0,1.0,0.9999999999999999,1.0,1.0,1.0,1.0
minus,parton,20,24,35078,1.0,1.0,1.0,1.0,0.9999999999999999,1.0,1.0,1.0,1.0
minus,parton,20,25,35078,1.0,1.0,1.0,1.0,0.9999999999999999,1.0,1.0,1.0,1.0
minus,parton,20,26,35078,1.0,1.0,1.0,1.0,0.9999999999999999,1.0,1.0,1.0,1.0
minus,parton,20,27,35078,1.0,1.0,1.0,1.0,0.9999999999999999,1.0,1.0,1.0,1.0
minus,parton,20,28,35078,1.0,1.0,1.0,1.0,0.9999999999999999,1.0,1.0,1.0,1.0
minus,parton,20,29,35078,1.0,1.0,1.0,1.0,0.9999999999999999,1.0,1.0,1.0,1.0
minus,parton,21,22,35078,1.0,1.0,1.0,1.0,0.9999999999999999,1.0,1.0,1.0,1.0
minus,parton,21,23,35078,1.0,1.0,1.0,1.0,0.9999999999999999,1.0,1.0,1.0,1.0
minus,parton,21,24,35078,1.0,1.0,1.0,1.0,0.9999999999999999,1.0,1.0,1.0,1.0
minus,parton,21,25,35078,1.0,1.0,1.0,1.0,0.9999999999999999,1.0,1.0,1.0,1.0
minus,parton,21,26,35078,1.0,1.0,1.0,1.0,0.9999999999999999,1.0,1.0,1.0,1.0
minus,parton,21,27,35078,1.0,1.0,1.0,1.0,0.9999999999999999,1.0,1.0,1.0,1.0
minus,parton,21,28,35078,1.0,1.0,1.0,1.0,0.9999999999999999,1.0,1.0,1.0,1.0
minus,parton,21,29,35078,1.0,1.0,1.0,1.0,0.9999999999999999,1.0,1.0,1.0,1.0
minus,parton,22,23,35078,1.0,1.0,1.0,1.0,0.9999999999999999,1.0,1.0,1.0,1.0
minus,parton,22,24,35078,1.0,1.0,1.0,1.0,0.9999999999999999,1.0,1.0,1.0,1.0
minus,parton,22,25,35078,1.0,1.0,1.0,1.0,0.9999999999999999,1.0,1.0,1.0,1.0
minus,parton,22,26,35078,1.0,1.0,1.0,1.0,0.9999999999999999,1.0,1.0,1.0,1.0
minus,parton,22,27,35078,1.0,1.0,1.0,1.0,0.9999999999999999,1.0,1.0,1.0,1.0
minus,parton,22,28,35078,1.0,1.0,1.0,1.0,0.9999999999999999,1.0,1.0,1.0,1.0
minus,parton,22,29,35078,1.0,1.0,1.0,1.0,0.9999999999999999,1.0,1.0,1.0,1.0
minus,parton,23,24,35078,1.0,1.0,1.0,1.0,0.9999999999999999,1.0,1.0,1.0,1.0
minus,parton,23,25,35078,1.0,1.0,1.0,1.0,0.9999999999999999,1.0,1.0,1.0,1.0
minus,parton,23,26,35078,1.0,1.0,1.0,1.0,0.9999999999999999,1.0,1.0,1.0,1.0
minus,parton,23,27,35078,1.0,1.0,1.0,1.0,0.9999999999999999,1.0,1.0,1.0,1.0
minus,parton,23,28,35078,1.0,1.0,1.0,1.0,0.9999999999999999,1.0,1.0,1.0,1.0
minus,parton,23,29,35078,1.0,1.0,1.0,1.0,0.9999999999999999,1.0,1.0,1.0,1.0
minus,parton,24,25,35078,1.0,1.0,1.0,1.0,0.9999999999999999,1.0,1.0,1.0,1.0
minus,parton,24,26,35078,1.0,1.0,1.0,1.0,0.9999999999999999,1.0,1.0,1.0,1.0
minus,parton,24,27,35078,1.0,1.0,1.0,1.0,0.9999999999999999,1.0,1.0,1.0,1.0
minus,parton,24,28,35078,1.0,1.0,1.0,1.0,0.9999999999999999,1.0,1.0,1.0,1.0
minus,parton,24,29,35078,1.0,1.0,1.0,1.0,0.9999999999999999,1.0,1.0,1.0,1.0
minus,parton,25,26,35078,1.0,1.0,1.0,1.0,0.9999999999999999,1.0,1.0,1.0,1.0
minus,parton,25,27,35078,1.0,1.0,1.0,1.0,0.9999999999999999,1.0,1.0,1.0,1.0
minus,parton,25,28,35078,1.0,1.0,1.0,1.0,0.9999999999999999,1.0,1.0,1.0,1.0
minus,parton,25,29,35078,1.0,1.0,1.0,1.0,0.9999999999999999,1.0,1.0,1.0,1.0
minus,parton,26,27,35078,1.0,1.0,1.0,1.0,0.9999999999999999,1.0,1.0,1.0,1.0
minus,parton,26,28,35078,1.0,1.0,1.0,1.0,0.9999999999999999,1.0,1.0,1.0,1.0
minus,parton,26,29,35078,1.0,1.0,1.0,1.0,0.9999999999999999,1.0,1.0,1.0,1.0
minus,parton,27,28,35078,1.0,1.0,1.0,1.0,0.9999999999999999,1.0,1.0,1.0,1.0
minus,parton,27,29,35078,1.0,1.0,1.0,1.0,0.9999999999999999,1.0,1.0,1.0,1.0
minus,parton,28,29,35078,1.0,1.0,1.0,1.0,0.9999999999999999,1.0,1.0,1.0,1.0
