channel,particle_suffix,parton_suffix,is_diagonal,overlap_count,left_overlap_fraction,right_overlap_fraction,pt_pearson,eta_pearson,met_pearson,phi_mean_cos_delta,charge_equal_fraction,weight0_exact_fraction,full_record_exact_fraction
plus,10,10,True,22031,0.8764371245574253,0.6075673588704117,0.8919791871959223,-0.007292599076248504,0.48485391468242983,0.9814643799446241,0.9998638282420226,1.0,0.0
plus,10,11,False,22031,0.8764371245574253,0.6075673588704117,0.8919791871959223,-0.007292599076248504,0.48485391468242983,0.9814643799446241,0.9998638282420226,1.0,0.0
plus,10,12,False,22031,0.8764371245574253,0.6075673588704117,0.8919791871959223,-0.007292599076248504,0.48485391468242983,0.9814643799446241,0.9998638282420226,1.0,0.0
plus,10,13,False,22031,0.8764371245574253,0.6075673588704117,0.8919791871959223,-0.007292599076248504,0.48485391468242983,0.9814643799446241,0.9998638282420226,1.0,0.0
plus,10,14,False,22031,0.8764371245574253,0.6075673588704117,0.8919791871959223,-0.007292599076248504,0.48485391468242983,0.9814643799446241,0.9998638282420226,1.0,0.0
plus,10,15,False,22031,0.8764371245574253,0.6075673588704117,0.8919791871959223,-0.007292599076248504,0.48485391468242983,0.9814643799446241,0.9998638282420226,1.0,0.0
plus,10,16,False,22031,0.8764371245574253,0.6075673588704117,0.8919791871959223,-0.007292599076248504,0.48485391468242983,0.9814643799446241,0.9998638282420226,1.0,0.0
plus,10,17,False,22031,0.8764371245574253,0.6075673588704117,0.8919791871959223,-0.007292599076248504,0.48485391468242983,0.9814643799446241,0.9998638282420226,1.0,0.0
plus,10,18,False,22031,0.8764371245574253,0.6075673588704117,0.8919791871959223,-0.007292599076248504,0.48485391468242983,0.9814643799446241,0.9998638282420226,1.0,0.0
plus,10,19,False,22031,0.8764371245574253,0.6075673588704117,0.8919791871959223,-0.007292599076248504,0.48485391468242983,0.9814643799446241,0.9998638282420226,1.0,0.0
plus,10,20,False,22031,0.8764371245574253,0.6075673588704117,0.8919791871959223,-0.007292599076248504,0.48485391468242983,0.9814643799446241,0.9998638282420226,1.0,0.0
plus,10,21,False,22031,0.8764371245574253,0.6075673588704117,0.8919791871959223,-0.007292599076248504,0.48485391468242983,0.9814643799446241,0.9998638282420226,1.0,0.0
plus,10,22,False,22031,0.8764371245574253,0.6075673588704117,0.8919791871959223,-0.007292599076248504,0.48485391468242983,0.9814643799446241,0.9998638282420226,1.0,0.0
plus,10,23,False,22031,0.8764371245574253,0.6075673588704117,0.8919791871959223,-0.007292599076248504,0.48485391468242983,0.9814643799446241,0.9998638282420226,1.0,0.0
plus,10,24,False,22031,0.8764371245574253,0.6075673588704117,0.8919791871959223,-0.007292599076248504,0.48485391468242983,0.9814643799446241,0.9998638282420226,1.0,0.0
plus,10,25,False,22031,0.8764371245574253,0.6075673588704117,0.8919791871959223,-0.007292599076248504,0.48485391468242983,0.9814643799446241,0.9998638282420226,1.0,0.0
plus,10,26,False,22031,0.8764371245574253,0.6075673588704117,0.8919791871959223,-0.007292599076248504,0.48485391468242983,0.9814643799446241,0.9998638282420226,1.0,0.0
plus,10,27,False,22031,0.8764371245574253,0.6075673588704117,0.8919791871959223,-0.007292599076248504,0.48485391468242983,0.9814643799446241,0.9998638282420226,1.0,0.0
plus,10,28,False,22031,0.8764371245574253,0.6075673588704117,0.8919791871959223,-0.007292599076248504,0.48485391468242983,0.9814643799446241,0.9998638282420226,1.0,0.0
plus,10,29,False,22031,0.8764371245574253,0.6075673588704117,0.8919791871959223,-0.007292599076248504,0.48485391468242983,0.9814643799446241,0.9998638282420226,1.0,0.0
plus,11,10,False,22031,0.8764371245574253,0.6075673588704117,0.8919791871959223,-0.007292599076248504,0.48485391468242983,0.9814643799446241,0.9998638282420226,1.0,0.0
plus,11,11,True,22031,0.8764371245574253,0.6075673588704117,0.8919791871959223,-0.007292599076248504,0.48485391468242983,0.9814643799446241,0.9998638282420226,1.0,0.0
plus,11,12,False,22031,0.8764371245574253,0.6075673588704117,0.8919791871959223,-0.007292599076248504,0.48485391468242983,0.9814643799446241,0.9998638282420226,1.0,0.0
plus,11,13,False,22031,0.8764371245574253,0.6075673588704117,0.8919791871959223,-0.007292599076248504,0.48485391468242983,0.9814643799446241,0.9998638282420226,1.0,0.0
plus,11,14,False,22031,0.8764371245574253,0.6075673588704117,0.8919791871959223,-0.007292599076248504,0.48485391468242983,0.9814643799446241,0.9998638282420226,1.0,0.0
plus,11,15,False,22031,0.8764371245574253,0.6075673588704117,0.8919791871959223,-0.007292599076248504,0.48485391468242983,0.9814643799446241,0.9998638282420226,1.0,0.0
plus,11,16,False,22031,0.8764371245574253,0.6075673588704117,0.8919791871959223,-0.007292599076248504,0.48485391468242983,0.9814643799446241,0.9998638282420226,1.0,0.0
plus,11,17,False,22031,0.8764371245574253,0.6075673588704117,0.8919791871959223,-0.007292599076248504,0.48485391468242983,0.9814643799446241,0.9998638282420226,1.0,0.0
plus,11,18,False,22031,0.8764371245574253,0.6075673588704117,0.8919791871959223,-0.007292599076248504,0.48485391468242983,0.9814643799446241,0.9998638282420226,1.0,0.0
plus,11,19,False,22031,0.8764371245574253,0.6075673588704117,0.8919791871959223,-0.007292599076248504,0.48485391468242983,0.9814643799446241,0.9998638282420226,1.0,0.0
plus,11,20,False,22031,0.8764371245574253,0.6075673588704117,0.8919791871959223,-0.007292599076248504,0.48485391468242983,0.9814643799446241,0.9998638282420226,1.0,0.0
plus,11,21,False,22031,0.8764371245574253,0.6075673588704117,0.8919791871959223,-0.007292599076248504,0.48485391468242983,0.9814643799446241,0.9998638282420226,1.0,0.0
plus,11,22,False,22031,0.8764371245574253,0.6075673588704117,0.8919791871959223,-0.007292599076248504,0.48485391468242983,0.9814643799446241,0.9998638282420226,1.0,0.0
plus,11,23,False,22031,0.8764371245574253,0.6075673588704117,0.8919791871959223,-0.007292599076248504,0.48485391468242983,0.9814643799446241,0.9998638282420226,1.0,0.0
plus,11,24,False,22031,0.8764371245574253,0.6075673588704117,0.8919791871959223,-0.007292599076248504,0.48485391468242983,0.9814643799446241,0.9998638282420226,1.0,0.0
plus,11,25,False,22031,0.8764371245574253,0.6075673588704117,0.8919791871959223,-0.007292599076248504,0.48485391468242983,0.9814643799446241,0.9998638282420226,1.0,0.0
plus,11,26,False,22031,0.8764371245574253,0.6075673588704117,0.8919791871959223,-0.007292599076248504,0.48485391468242983,0.9814643799446241,0.9998638282420226,1.0,0.0
plus,11,27,False,22031,0.8764371245574253,0.6075673588704117,0.8919791871959223,-0.007292599076248504,0.48485391468242983,0.9814643799446241,0.9998638282420226,1.0,0.0
plus,11,28,False,22031,0.8764371245574253,0.6075673588704117,0.8919791871959223,-0.007292599076248504,0.48485391468242983,0.9814643799446241,0.9998638282420226,1.0,0.0
plus,11,29,False,22031,0.8764371245574253,0.6075673588704117,0.8919791871959223,-0.007292599076248504,0.48485391468242983,0.9814643799446241,0.9998638282420226,1.0,0.0
plus,12,10,False,21830,0.8725717483411943,0.6020242133421583,0.8929945897071291,-0.009560733207331066,0.48677233889115934,0.9819911996671092,1.0,1.0,0.0
plus,12,11,False,21830,0.8725717483411943,0.6020242133421583,0.8929945897071291,-0.009560733207331066,0.48677233889115934,0.9819911996671092,1.0,1.0,0.0
plus,12,12,True,21830,0.8725717483411943,0.6020242133421583,0.8929945897071291,-0.009560733207331066,0.48677233889115934,0.9819911996671092,1.0,1.0,0.0
plus,12,13,False,21830,0.8725717483411943,0.6020242133421583,0.8929945897071291,-0.009560733207331066,0.48677233889115934,0.9819911996671092,1.0,1.0,0.0
plus,12,14,False,21830,0.8725717483411943,0.6020242133421583,0.8929945897071291,-0.009560733207331066,0.48677233889115934,0.9819911996671092,1.0,1.0,0.0
plus,12,15,False,21830,0.8725717483411943,0.6020242133421583,0.8929945897071291,-0.009560733207331066,0.48677233889115934,0.9819911996671092,1.0,1.0,0.0
plus,12,16,False,21830,0.8725717483411943,0.6020242133421583,0.8929945897071291,-0.009560733207331066,0.48677233889115934,0.9819911996671092,1.0,1.0,0.0
plus,12,17,False,21830,0.8725717483411943,0.6020242133421583,0.8929945897071291,-0.009560733207331066,0.48677233889115934,0.9819911996671092,1.0,1.0,0.0
plus,12,18,False,21830,0.8725717483411943,0.6020242133421583,0.8929945897071291,-0.009560733207331066,0.48677233889115934,0.9819911996671092,1.0,1.0,0.0
plus,12,19,False,21830,0.8725717483411943,0.6020242133421583,0.8929945897071291,-0.009560733207331066,0.48677233889115934,0.9819911996671092,1.0,1.0,0.0
plus,12,20,False,21830,0.8725717483411943,0.6020242133421583,0.8929945897071291,-0.009560733207331066,0.48677233889115934,0.9819911996671092,1.0,1.0,0.0
plus,12,21,False,21830,0.8725717483411943,0.6020242133421583,0.8929945897071291,-0.009560733207331066,0.48677233889115934,0.9819911996671092,1.0,1.0,0.0
plus,12,22,False,21830,0.8725717483411943,0.6020242133421583,0.8929945897071291,-0.009560733207331066,0.48677233889115934,0.9819911996671092,1.0,1.0,0.0
plus,12,23,False,21830,0.8725717483411943,0.6020242133421583,0.8929945897071291,-0.009560733207331066,0.48677233889115934,0.9819911996671092,1.0,1.0,0.0
plus,12,24,False,21830,0.8725717483411943,0.6020242133421583,0.8929945897071291,-0.009560733207331066,0.48677233889115934,0.9819911996671092,1.0,1.0,0.0
plus,12,25,False,21830,0.8725717483411943,0.6020242133421583,0.8929945897071291,-0.009560733207331066,0.48677233889115934,0.9819911996671092,1.0,1.0,0.0
plus,12,26,False,21830,0.8725717483411943,0.6020242133421583,0.8929945897071291,-0.009560733207331066,0.48677233889115934,0.9819911996671092,1.0,1.0,0.0
plus,12,27,False,21830,0.8725717483411943,0.6020242133421583,0.8929945897071291,-0.009560733207331066,0.48677233889115934,0.9819911996671092,1.0,1.0,0.0
plus,12,28,False,21830,0.8725717483411943,0.6020242133421583,0.8929945897071291,-0.009560733207331066,0.48677233889115934,0.9819911996671092,1.0,1.0,0.0
plus,12,29,False,21830,0.8725717483411943,0.6020242133421583,0.8929945897071291,-0.009560733207331066,0.48677233889115934,0.9819911996671092,1.0,1.0,0.0
plus,13,10,False,22031,0.8764371245574253,0.6075673588704117,0.8919791871959223,-0.007292599076248504,0.48485391468242983,0.9814643799446241,0.9998638282420226,1.0,0.0
plus,13,11,False,22031,0.8764371245574253,0.6075673588704117,0.8919791871959223,-0.007292599076248504,0.48485391468242983,0.9814643799446241,0.9998638282420226,1.0,0.0
plus,13,12,False,22031,0.8764371245574253,0.6075673588704117,0.8919791871959223,-0.007292599076248504,0.48485391468242983,0.9814643799446241,0.9998638282420226,1.0,0.0
plus,13,13,True,22031,0.8764371245574253,0.6075673588704117,0.8919791871959223,-0.007292599076248504,0.48485391468242983,0.9814643799446241,0.9998638282420226,1.0,0.0
plus,13,14,False,22031,0.8764371245574253,0.6075673588704117,0.8919791871959223,-0.007292599076248504,0.48485391468242983,0.9814643799446241,0.9998638282420226,1.0,0.0
plus,13,15,False,22031,0.8764371245574253,0.6075673588704117,0.8919791871959223,-0.007292599076248504,0.48485391468242983,0.9814643799446241,0.9998638282420226,1.0,0.0
plus,13,16,False,22031,0.8764371245574253,0.6075673588704117,0.8919791871959223,-0.007292599076248504,0.48485391468242983,0.9814643799446241,0.9998638282420226,1.0,0.0
plus,13,17,False,22031,0.8764371245574253,0.6075673588704117,0.8919791871959223,-0.007292599076248504,0.48485391468242983,0.9814643799446241,0.9998638282420226,1.0,0.0
plus,13,18,False,22031,0.8764371245574253,0.6075673588704117,0.8919791871959223,-0.007292599076248504,0.48485391468242983,0.9814643799446241,0.9998638282420226,1.0,0.0
plus,13,19,False,22031,0.8764371245574253,0.6075673588704117,0.8919791871959223,-0.007292599076248504,0.48485391468242983,0.9814643799446241,0.9998638282420226,1.0,0.0
plus,13,20,False,22031,0.8764371245574253,0.6075673588704117,0.8919791871959223,-0.007292599076248504,0.48485391468242983,0.9814643799446241,0.9998638282420226,1.0,0.0
plus,13,21,False,22031,0.8764371245574253,0.6075673588704117,0.8919791871959223,-0.007292599076248504,0.48485391468242983,0.9814643799446241,0.9998638282420226,1.0,0.0
plus,13,22,False,22031,0.8764371245574253,0.6075673588704117,0.8919791871959223,-0.007292599076248504,0.48485391468242983,0.9814643799446241,0.9998638282420226,1.0,0.0
plus,13,23,False,22031,0.8764371245574253,0.6075673588704117,0.8919791871959223,-0.007292599076248504,0.48485391468242983,0.9814643799446241,0.9998638282420226,1.0,0.0
plus,13,24,False,22031,0.8764371245574253,0.6075673588704117,0.8919791871959223,-0.007292599076248504,0.48485391468242983,0.9814643799446241,0.9998638282420226,1.0,0.0
plus,13,25,False,22031,0.8764371245574253,0.6075673588704117,0.8919791871959223,-0.007292599076248504,0.48485391468242983,0.9814643799446241,0.9998638282420226,1.0,0.0
plus,13,26,False,22031,0.8764371245574253,0.6075673588704117,0.8919791871959223,-0.007292599076248504,0.48485391468242983,0.9814643799446241,0.9998638282420226,1.0,0.0
plus,13,27,False,22031,0.8764371245574253,0.6075673588704117,0.8919791871959223,-0.007292599076248504,0.48485391468242983,0.9814643799446241,0.9998638282420226,1.0,0.0
plus,13,28,False,22031,0.8764371245574253,0.6075673588704117,0.8919791871959223,-0.007292599076248504,0.48485391468242983,0.9814643799446241,0.9998638282420226,1.0,0.0
plus,13,29,False,22031,0.8764371245574253,0.6075673588704117,0.8919791871959223,-0.007292599076248504,0.48485391468242983,0.9814643799446241,0.9998638282420226,1.0,0.0
plus,14,10,False,22031,0.8764371245574253,0.6075673588704117,0.8919791871959223,-0.007292599076248504,0.48485391468242983,0.9814643799446241,0.9998638282420226,1.0,0.0
plus,14,11,False,22031,0.8764371245574253,0.6075673588704117,0.8919791871959223,-0.007292599076248504,0.48485391468242983,0.9814643799446241,0.9998638282420226,1.0,0.0
plus,14,12,False,22031,0.8764371245574253,0.6075673588704117,0.8919791871959223,-0.007292599076248504,0.48485391468242983,0.9814643799446241,0.9998638282420226,1.0,0.0
plus,14,13,False,22031,0.8764371245574253,0.6075673588704117,0.8919791871959223,-0.007292599076248504,0.48485391468242983,0.9814643799446241,0.9998638282420226,1.0,0.0
plus,14,14,True,22031,0.8764371245574253,0.6075673588704117,0.8919791871959223,-0.007292599076248504,0.48485391468242983,0.9814643799446241,0.9998638282420226,1.0,0.0
plus,14,15,False,22031,0.8764371245574253,0.6075673588704117,0.8919791871959223,-0.007292599076248504,0.48485391468242983,0.9814643799446241,0.9998638282420226,1.0,0.0
plus,14,16,False,22031,0.8764371245574253,0.6075673588704117,0.8919791871959223,-0.007292599076248504,0.48485391468242983,0.9814643799446241,0.9998638282420226,1.0,0.0
plus,14,17,False,22031,0.8764371245574253,0.6075673588704117,0.8919791871959223,-0.007292599076248504,0.48485391468242983,0.9814643799446241,0.9998638282420226,1.0,0.0
plus,14,18,False,22031,0.8764371245574253,0.6075673588704117,0.8919791871959223,-0.007292599076248504,0.48485391468242983,0.9814643799446241,0.9998638282420226,1.0,0.0
plus,14,19,False,22031,0.8764371245574253,0.6075673588704117,0.8919791871959223,-0.007292599076248504,0.48485391468242983,0.9814643799446241,0.9998638282420226,1.0,0.0
plus,14,20,False,22031,0.8764371245574253,0.6075673588704117,0.8919791871959223,-0.007292599076248504,0.48485391468242983,0.9814643799446241,0.9998638282420226,1.0,0.0
plus,14,21,False,22031,0.8764371245574253,0.6075673588704117,0.8919791871959223,-0.007292599076248504,0.48485391468242983,0.9814643799446241,0.9998638282420226,1.0,0.0
plus,14,22,False,22031,0.8764371245574253,0.6075673588704117,0.8919791871959223,-0.007292599076248504,0.48485391468242983,0.9814643799446241,0.9998638282420226,1.0,0.0
plus,14,23,False,22031,0.8764371245574253,0.6075673588704117,0.8919791871959223,-0.007292599076248504,0.48485391468242983,0.9814643799446241,0.9998638282420226,1.0,0.0
plus,14,24,False,22031,0.8764371245574253,0.6075673588704117,0.8919791871959223,-0.007292599076248504,0.48485391468242983,0.9814643799446241,0.9998638282420226,1.0,0.0
plus,14,25,False,22031,0.8764371245574253,0.6075673588704117,0.8919791871959223,-0.007292599076248504,0.48485391468242983,0.9814643799446241,0.9998638282420226,1.0,0.0
plus,14,26,False,22031,0.8764371245574253,0.6075673588704117,0.8919791871959223,-0.007292599076248504,0.48485391468242983,0.9814643799446241,0.9998638282420226,1.0,0.0
plus,14,27,False,22031,0.8764371245574253,0.6075673588704117,0.8919791871959223,-0.007292599076248504,0.48485391468242983,0.9814643799446241,0.9998638282420226,1.0,0.0
plus,14,28,False,22031,0.8764371245574253,0.6075673588704117,0.8919791871959223,-0.007292599076248504,0.48485391468242983,0.9814643799446241,0.9998638282420226,1.0,0.0
plus,14,29,False,22031,0.8764371245574253,0.6075673588704117,0.8919791871959223,-0.007292599076248504,0.48485391468242983,0.9814643799446241,0.9998638282420226,1.0,0.0
plus,15,10,False,22031,0.8764371245574253,0.6075673588704117,0.8919791871959223,-0.007292599076248504,0.48485391468242983,0.9814643799446241,0.9998638282420226,1.0,0.0
plus,15,11,False,22031,0.8764371245574253,0.6075673588704117,0.8919791871959223,-0.007292599076248504,0.48485391468242983,0.9814643799446241,0.9998638282420226,1.0,0.0
plus,15,12,False,22031,0.8764371245574253,0.6075673588704117,0.8919791871959223,-0.007292599076248504,0.48485391468242983,0.9814643799446241,0.9998638282420226,1.0,0.0
plus,15,13,False,22031,0.8764371245574253,0.6075673588704117,0.8919791871959223,-0.007292599076248504,0.48485391468242983,0.9814643799446241,0.9998638282420226,1.0,0.0
plus,15,14,False,22031,0.8764371245574253,0.6075673588704117,0.8919791871959223,-0.007292599076248504,0.48485391468242983,0.9814643799446241,0.9998638282420226,1.0,0.0
plus,15,15,True,22031,0.8764371245574253,0.6075673588704117,0.8919791871959223,-0.007292599076248504,0.48485391468242983,0.9814643799446241,0.9998638282420226,1.0,0.0
plus,15,16,False,22031,0.8764371245574253,0.6075673588704117,0.8919791871959223,-0.007292599076248504,0.48485391468242983,0.9814643799446241,0.9998638282420226,1.0,0.0
plus,15,17,False,22031,0.8764371245574253,0.6075673588704117,0.8919791871959223,-0.007292599076248504,0.48485391468242983,0.9814643799446241,0.9998638282420226,1.0,0.0
plus,15,18,False,22031,0.8764371245574253,0.6075673588704117,0.8919791871959223,-0.007292599076248504,0.48485391468242983,0.9814643799446241,0.9998638282420226,1.0,0.0
plus,15,19,False,22031,0.8764371245574253,0.6075673588704117,0.8919791871959223,-0.007292599076248504,0.48485391468242983,0.9814643799446241,0.9998638282420226,1.0,0.0
plus,15,20,False,22031,0.8764371245574253,0.6075673588704117,0.8919791871959223,-0.007292599076248504,0.48485391468242983,0.9814643799446241,0.9998638282420226,1.0,0.0
plus,15,21,False,22031,0.8764371245574253,0.6075673588704117,0.8919791871959223,-0.007292599076248504,0.48485391468242983,0.9814643799446241,0.9998638282420226,1.0,0.0
plus,15,22,False,22031,0.8764371245574253,0.6075673588704117,0.8919791871959223,-0.007292599076248504,0.48485391468242983,0.9814643799446241,0.9998638282420226,1.0,0.0
plus,15,23,False,22031,0.8764371245574253,0.6075673588704117,0.8919791871959223,-0.007292599076248504,0.48485391468242983,0.9814643799446241,0.9998638282420226,1.0,0.0
plus,15,24,False,22031,0.8764371245574253,0.6075673588704117,0.8919791871959223,-0.007292599076248504,0.48485391468242983,0.9814643799446241,0.9998638282420226,1.0,0.0
plus,15,25,False,22031,0.8764371245574253,0.6075673588704117,0.8919791871959223,-0.007292599076248504,0.48485391468242983,0.9814643799446241,0.9998638282420226,1.0,0.0
plus,15,26,False,22031,0.8764371245574253,0.6075673588704117,0.8919791871959223,-0.007292599076248504,0.48485391468242983,0.9814643799446241,0.9998638282420226,1.0,0.0
plus,15,27,False,22031,0.8764371245574253,0.6075673588704117,0.8919791871959223,-0.007292599076248504,0.48485391468242983,0.9814643799446241,0.9998638282420226,1.0,0.0
plus,15,28,False,22031,0.8764371245574253,0.6075673588704117,0.8919791871959223,-0.007292599076248504,0.48485391468242983,0.9814643799446241,0.9998638282420226,1.0,0.0
plus,15,29,False,22031,0.8764371245574253,0.6075673588704117,0.8919791871959223,-0.007292599076248504,0.48485391468242983,0.9814643799446241,0.9998638282420226,1.0,0.0
plus,16,10,False,21830,0.8725717483411943,0.6020242133421583,0.8929945897071291,-0.009560733207331066,0.48677233889115934,0.9819911996671092,1.0,1.0,0.0
plus,16,11,False,21830,0.8725717483411943,0.6020242133421583,0.8929945897071291,-0.009560733207331066,0.48677233889115934,0.9819911996671092,1.0,1.0,0.0
plus,16,12,False,21830,0.8725717483411943,0.6020242133421583,0.8929945897071291,-0.009560733207331066,0.48677233889115934,0.9819911996671092,1.0,1.0,0.0
plus,16,13,False,21830,0.8725717483411943,0.6020242133421583,0.8929945897071291,-0.009560733207331066,0.48677233889115934,0.9819911996671092,1.0,1.0,0.0
plus,16,14,False,21830,0.8725717483411943,0.6020242133421583,0.8929945897071291,-0.009560733207331066,0.48677233889115934,0.9819911996671092,1.0,1.0,0.0
plus,16,15,False,21830,0.8725717483411943,0.6020242133421583,0.8929945897071291,-0.009560733207331066,0.48677233889115934,0.9819911996671092,1.0,1.0,0.0
plus,16,16,True,21830,0.8725717483411943,0.6020242133421583,0.8929945897071291,-0.009560733207331066,0.48677233889115934,0.9819911996671092,1.0,1.0,0.0
plus,16,17,False,21830,0.8725717483411943,0.6020242133421583,0.8929945897071291,-0.009560733207331066,0.48677233889115934,0.9819911996671092,1.0,1.0,0.0
plus,16,18,False,21830,0.8725717483411943,0.6020242133421583,0.8929945897071291,-0.009560733207331066,0.48677233889115934,0.9819911996671092,1.0,1.0,0.0
plus,16,19,False,21830,0.8725717483411943,0.6020242133421583,0.8929945897071291,-0.009560733207331066,0.48677233889115934,0.9819911996671092,1.0,1.0,0.0
plus,16,20,False,21830,0.8725717483411943,0.6020242133421583,0.8929945897071291,-0.009560733207331066,0.48677233889115934,0.9819911996671092,1.0,1.0,0.0
plus,16,21,False,21830,0.8725717483411943,0.6020242133421583,0.8929945897071291,-0.009560733207331066,0.48677233889115934,0.9819911996671092,1.0,1.0,0.0
plus,16,22,False,21830,0.8725717483411943,0.6020242133421583,0.8929945897071291,-0.009560733207331066,0.48677233889115934,0.9819911996671092,1.0,1.0,0.0
plus,16,23,False,21830,0.8725717483411943,0.6020242133421583,0.8929945897071291,-0.009560733207331066,0.48677233889115934,0.9819911996671092,1.0,1.0,0.0
plus,16,24,False,21830,0.8725717483411943,0.6020242133421583,0.8929945897071291,-0.009560733207331066,0.48677233889115934,0.9819911996671092,1.0,1.0,0.0
plus,16,25,False,21830,0.8725717483411943,0.6020242133421583,0.8929945897071291,-0.009560733207331066,0.48677233889115934,0.9819911996671092,1.0,1.0,0.0
plus,16,26,False,21830,0.8725717483411943,0.6020242133421583,0.8929945897071291,-0.009560733207331066,0.48677233889115934,0.9819911996671092,1.0,1.0,0.0
plus,16,27,False,21830,0.8725717483411943,0.6020242133421583,0.8929945897071291,-0.009560733207331066,0.48677233889115934,0.9819911996671092,1.0,1.0,0.0
plus,16,28,False,21830,0.8725717483411943,0.6020242133421583,0.8929945897071291,-0.009560733207331066,0.48677233889115934,0.9819911996671092,1.0,1.0,0.0
plus,16,29,False,21830,0.8725717483411943,0.6020242133421583,0.8929945897071291,-0.009560733207331066,0.48677233889115934,0.9819911996671092,1.0,1.0,0.0
plus,17,10,False,22031,0.8764371245574253,0.6075673588704117,0.8919791871959223,-0.007292599076248504,0.48485391468242983,0.9814643799446241,0.9998638282420226,1.0,0.0
plus,17,11,False,22031,0.8764371245574253,0.6075673588704117,0.8919791871959223,-0.007292599076248504,0.48485391468242983,0.9814643799446241,0.9998638282420226,1.0,0.0
plus,17,12,False,22031,0.8764371245574253,0.6075673588704117,0.8919791871959223,-0.007292599076248504,0.48485391468242983,0.9814643799446241,0.9998638282420226,1.0,0.0
plus,17,13,False,22031,0.8764371245574253,0.6075673588704117,0.8919791871959223,-0.007292599076248504,0.48485391468242983,0.9814643799446241,0.9998638282420226,1.0,0.0
plus,17,14,False,22031,0.8764371245574253,0.6075673588704117,0.8919791871959223,-0.007292599076248504,0.48485391468242983,0.9814643799446241,0.9998638282420226,1.0,0.0
plus,17,15,False,22031,0.8764371245574253,0.6075673588704117,0.8919791871959223,-0.007292599076248504,0.48485391468242983,0.9814643799446241,0.9998638282420226,1.0,0.0
plus,17,16,False,22031,0.8764371245574253,0.6075673588704117,0.8919791871959223,-0.007292599076248504,0.48485391468242983,0.9814643799446241,0.9998638282420226,1.0,0.0
plus,17,17,True,22031,0.8764371245574253,0.6075673588704117,0.8919791871959223,-0.007292599076248504,0.48485391468242983,0.9814643799446241,0.9998638282420226,1.0,0.0
plus,17,18,False,22031,0.8764371245574253,0.6075673588704117,0.8919791871959223,-0.007292599076248504,0.48485391468242983,0.9814643799446241,0.9998638282420226,1.0,0.0
plus,17,19,False,22031,0.8764371245574253,0.6075673588704117,0.8919791871959223,-0.007292599076248504,0.48485391468242983,0.9814643799446241,0.9998638282420226,1.0,0.0
plus,17,20,False,22031,0.8764371245574253,0.6075673588704117,0.8919791871959223,-0.007292599076248504,0.48485391468242983,0.9814643799446241,0.9998638282420226,1.0,0.0
plus,17,21,False,22031,0.8764371245574253,0.6075673588704117,0.8919791871959223,-0.007292599076248504,0.48485391468242983,0.9814643799446241,0.9998638282420226,1.0,0.0
plus,17,22,False,22031,0.8764371245574253,0.6075673588704117,0.8919791871959223,-0.007292599076248504,0.48485391468242983,0.9814643799446241,0.9998638282420226,1.0,0.0
plus,17,23,False,22031,0.8764371245574253,0.6075673588704117,0.8919791871959223,-0.007292599076248504,0.48485391468242983,0.9814643799446241,0.9998638282420226,1.0,0.0
plus,17,24,False,22031,0.8764371245574253,0.6075673588704117,0.8919791871959223,-0.007292599076248504,0.48485391468242983,0.9814643799446241,0.9998638282420226,1.0,0.0
plus,17,25,False,22031,0.8764371245574253,0.6075673588704117,0.8919791871959223,-0.007292599076248504,0.48485391468242983,0.9814643799446241,0.9998638282420226,1.0,0.0
plus,17,26,False,22031,0.8764371245574253,0.6075673588704117,0.8919791871959223,-0.007292599076248504,0.48485391468242983,0.9814643799446241,0.9998638282420226,1.0,0.0
plus,17,27,False,22031,0.8764371245574253,0.6075673588704117,0.8919791871959223,-0.007292599076248504,0.48485391468242983,0.9814643799446241,0.9998638282420226,1.0,0.0
plus,17,28,False,22031,0.8764371245574253,0.6075673588704117,0.8919791871959223,-0.007292599076248504,0.48485391468242983,0.9814643799446241,0.9998638282420226,1.0,0.0
plus,17,29,False,22031,0.8764371245574253,0.6075673588704117,0.8919791871959223,-0.007292599076248504,0.48485391468242983,0.9814643799446241,0.9998638282420226,1.0,0.0
plus,18,10,False,22031,0.8764371245574253,0.6075673588704117,0.8919791871959223,-0.007292599076248504,0.48485391468242983,0.9814643799446241,0.9998638282420226,1.0,0.0
plus,18,11,False,22031,0.8764371245574253,0.6075673588704117,0.8919791871959223,-0.007292599076248504,0.48485391468242983,0.9814643799446241,0.9998638282420226,1.0,0.0
plus,18,12,False,22031,0.8764371245574253,0.6075673588704117,0.8919791871959223,-0.007292599076248504,0.48485391468242983,0.9814643799446241,0.9998638282420226,1.0,0.0
plus,18,13,False,22031,0.8764371245574253,0.6075673588704117,0.8919791871959223,-0.007292599076248504,0.48485391468242983,0.9814643799446241,0.9998638282420226,1.0,0.0
plus,18,14,False,22031,0.8764371245574253,0.6075673588704117,0.8919791871959223,-0.007292599076248504,0.48485391468242983,0.9814643799446241,0.9998638282420226,1.0,0.0
plus,18,15,False,22031,0.8764371245574253,0.6075673588704117,0.8919791871959223,-0.007292599076248504,0.48485391468242983,0.9814643799446241,0.9998638282420226,1.0,0.0
plus,18,16,False,22031,0.8764371245574253,0.6075673588704117,0.8919791871959223,-0.007292599076248504,0.48485391468242983,0.9814643799446241,0.9998638282420226,1.0,0.0
plus,18,17,False,22031,0.8764371245574253,0.6075673588704117,0.8919791871959223,-0.007292599076248504,0.48485391468242983,0.9814643799446241,0.9998638282420226,1.0,0.0
plus,18,18,True,22031,0.8764371245574253,0.6075673588704117,0.8919791871959223,-0.007292599076248504,0.48485391468242983,0.9814643799446241,0.9998638282420226,1.0,0.0
plus,18,19,False,22031,0.8764371245574253,0.6075673588704117,0.8919791871959223,-0.007292599076248504,0.48485391468242983,0.9814643799446241,0.9998638282420226,1.0,0.0
plus,18,20,False,22031,0.8764371245574253,0.6075673588704117,0.8919791871959223,-0.007292599076248504,0.48485391468242983,0.9814643799446241,0.9998638282420226,1.0,0.0
plus,18,21,False,22031,0.8764371245574253,0.6075673588704117,0.8919791871959223,-0.007292599076248504,0.48485391468242983,0.9814643799446241,0.9998638282420226,1.0,0.0
plus,18,22,False,22031,0.8764371245574253,0.6075673588704117,0.8919791871959223,-0.007292599076248504,0.48485391468242983,0.9814643799446241,0.9998638282420226,1.0,0.0
plus,18,23,False,22031,0.8764371245574253,0.6075673588704117,0.8919791871959223,-0.007292599076248504,0.48485391468242983,0.9814643799446241,0.9998638282420226,1.0,0.0
plus,18,24,False,22031,0.8764371245574253,0.6075673588704117,0.8919791871959223,-0.007292599076248504,0.48485391468242983,0.9814643799446241,0.9998638282420226,1.0,0.0
plus,18,25,False,22031,0.8764371245574253,0.6075673588704117,0.8919791871959223,-0.007292599076248504,0.48485391468242983,0.9814643799446241,0.9998638282420226,1.0,0.0
plus,18,26,False,22031,0.8764371245574253,0.6075673588704117,0.8919791871959223,-0.007292599076248504,0.48485391468242983,0.9814643799446241,0.9998638282420226,1.0,0.0
plus,18,27,False,22031,0.8764371245574253,0.6075673588704117,0.8919791871959223,-0.007292599076248504,0.48485391468242983,0.9814643799446241,0.9998638282420226,1.0,0.0
plus,18,28,False,22031,0.8764371245574253,0.6075673588704117,0.8919791871959223,-0.007292599076248504,0.48485391468242983,0.9814643799446241,0.9998638282420226,1.0,0.0
plus,18,29,False,22031,0.8764371245574253,0.6075673588704117,0.8919791871959223,-0.007292599076248504,0.48485391468242983,0.9814643799446241,0.9998638282420226,1.0,0.0
plus,19,10,False,21830,0.8725717483411943,0.6020242133421583,0.8929945897071291,-0.009560733207331066,0.48677233889115934,0.9819911996671092,1.0,1.0,0.0
plus,19,11,False,21830,0.8725717483411943,0.6020242133421583,0.8929945897071291,-0.009560733207331066,0.48677233889115934,0.9819911996671092,1.0,1.0,0.0
plus,19,12,False,21830,0.8725717483411943,0.6020242133421583,0.8929945897071291,-0.009560733207331066,0.48677233889115934,0.9819911996671092,1.0,1.0,0.0
plus,19,13,False,21830,0.8725717483411943,0.6020242133421583,0.8929945897071291,-0.009560733207331066,0.48677233889115934,0.9819911996671092,1.0,1.0,0.0
plus,19,14,False,21830,0.8725717483411943,0.6020242133421583,0.8929945897071291,-0.009560733207331066,0.48677233889115934,0.9819911996671092,1.0,1.0,0.0
plus,19,15,False,21830,0.8725717483411943,0.6020242133421583,0.8929945897071291,-0.009560733207331066,0.48677233889115934,0.9819911996671092,1.0,1.0,0.0
plus,19,16,False,21830,0.8725717483411943,0.6020242133421583,0.8929945897071291,-0.009560733207331066,0.48677233889115934,0.9819911996671092,1.0,1.0,0.0
plus,19,17,False,21830,0.8725717483411943,0.6020242133421583,0.8929945897071291,-0.009560733207331066,0.48677233889115934,0.9819911996671092,1.0,1.0,0.0
plus,19,18,False,21830,0.8725717483411943,0.6020242133421583,0.8929945897071291,-0.009560733207331066,0.48677233889115934,0.9819911996671092,1.0,1.0,0.0
plus,19,19,True,21830,0.8725717483411943,0.6020242133421583,0.8929945897071291,-0.009560733207331066,0.48677233889115934,0.9819911996671092,1.0,1.0,0.0
plus,19,20,False,21830,0.8725717483411943,0.6020242133421583,0.8929945897071291,-0.009560733207331066,0.48677233889115934,0.9819911996671092,1.0,1.0,0.0
plus,19,21,False,21830,0.8725717483411943,0.6020242133421583,0.8929945897071291,-0.009560733207331066,0.48677233889115934,0.9819911996671092,1.0,1.0,0.0
plus,19,22,False,21830,0.8725717483411943,0.6020242133421583,0.8929945897071291,-0.009560733207331066,0.48677233889115934,0.9819911996671092,1.0,1.0,0.0
plus,19,23,False,21830,0.8725717483411943,0.6020242133421583,0.8929945897071291,-0.009560733207331066,0.48677233889115934,0.9819911996671092,1.0,1.0,0.0
plus,19,24,False,21830,0.8725717483411943,0.6020242133421583,0.8929945897071291,-0.009560733207331066,0.48677233889115934,0.9819911996671092,1.0,1.0,0.0
plus,19,25,False,21830,0.8725717483411943,0.6020242133421583,0.8929945897071291,-0.009560733207331066,0.48677233889115934,0.9819911996671092,1.0,1.0,0.0
plus,19,26,False,21830,0.8725717483411943,0.6020242133421583,0.8929945897071291,-0.009560733207331066,0.48677233889115934,0.9819911996671092,1.0,1.0,0.0
plus,19,27,False,21830,0.8725717483411943,0.6020242133421583,0.8929945897071291,-0.009560733207331066,0.48677233889115934,0.9819911996671092,1.0,1.0,0.0
plus,19,28,False,21830,0.8725717483411943,0.6020242133421583,0.8929945897071291,-0.009560733207331066,0.48677233889115934,0.9819911996671092,1.0,1.0,0.0
plus,19,29,False,21830,0.8725717483411943,0.6020242133421583,0.8929945897071291,-0.009560733207331066,0.48677233889115934,0.9819911996671092,1.0,1.0,0.0
plus,20,10,False,22031,0.8764371245574253,0.6075673588704117,0.8919791871959223,-0.007292599076248504,0.48485391468242983,0.9814643799446241,0.9998638282420226,1.0,0.0
plus,20,11,False,22031,0.8764371245574253,0.6075673588704117,0.8919791871959223,-0.007292599076248504,0.48485391468242983,0.9814643799446241,0.9998638282420226,1.0,0.0
plus,20,12,False,22031,0.8764371245574253,0.6075673588704117,0.8919791871959223,-0.007292599076248504,0.48485391468242983,0.9814643799446241,0.9998638282420226,1.0,0.0
plus,20,13,False,22031,0.8764371245574253,0.6075673588704117,0.8919791871959223,-0.007292599076248504,0.48485391468242983,0.9814643799446241,0.9998638282420226,1.0,0.0
plus,20,14,False,22031,0.8764371245574253,0.6075673588704117,0.8919791871959223,-0.007292599076248504,0.48485391468242983,0.9814643799446241,0.9998638282420226,1.0,0.0
plus,20,15,False,22031,0.8764371245574253,0.6075673588704117,0.8919791871959223,-0.007292599076248504,0.48485391468242983,0.9814643799446241,0.9998638282420226,1.0,0.0
plus,20,16,False,22031,0.8764371245574253,0.6075673588704117,0.8919791871959223,-0.007292599076248504,0.48485391468242983,0.9814643799446241,0.9998638282420226,1.0,0.0
plus,20,17,False,22031,0.8764371245574253,0.6075673588704117,0.8919791871959223,-0.007292599076248504,0.48485391468242983,0.9814643799446241,0.9998638282420226,1.0,0.0
plus,20,18,False,22031,0.8764371245574253,0.6075673588704117,0.8919791871959223,-0.007292599076248504,0.48485391468242983,0.9814643799446241,0.9998638282420226,1.0,0.0
plus,20,19,False,22031,0.8764371245574253,0.6075673588704117,0.8919791871959223,-0.007292599076248504,0.48485391468242983,0.9814643799446241,0.9998638282420226,1.0,0.0
plus,20,20,True,22031,0.8764371245574253,0.6075673588704117,0.8919791871959223,-0.007292599076248504,0.48485391468242983,0.9814643799446241,0.9998638282420226,1.0,0.0
plus,20,21,False,22031,0.8764371245574253,0.6075673588704117,0.8919791871959223,-0.007292599076248504,0.48485391468242983,0.9814643799446241,0.9998638282420226,1.0,0.0
plus,20,22,False,22031,0.8764371245574253,0.6075673588704117,0.8919791871959223,-0.007292599076248504,0.48485391468242983,0.9814643799446241,0.9998638282420226,1.0,0.0
plus,20,23,False,22031,0.8764371245574253,0.6075673588704117,0.8919791871959223,-0.007292599076248504,0.48485391468242983,0.9814643799446241,0.9998638282420226,1.0,0.0
plus,20,24,False,22031,0.8764371245574253,0.6075673588704117,0.8919791871959223,-0.007292599076248504,0.48485391468242983,0.9814643799446241,0.9998638282420226,1.0,0.0
plus,20,25,False,22031,0.8764371245574253,0.6075673588704117,0.8919791871959223,-0.007292599076248504,0.48485391468242983,0.9814643799446241,0.9998638282420226,1.0,0.0
plus,20,26,False,22031,0.8764371245574253,0.6075673588704117,0.8919791871959223,-0.007292599076248504,0.48485391468242983,0.9814643799446241,0.9998638282420226,1.0,0.0
plus,20,27,False,22031,0.8764371245574253,0.6075673588704117,0.8919791871959223,-0.007292599076248504,0.48485391468242983,0.9814643799446241,0.9998638282420226,1.0,0.0
plus,20,28,False,22031,0.8764371245574253,0.6075673588704117,0.8919791871959223,-0.007292599076248504,0.48485391468242983,0.9814643799446241,0.9998638282420226,1.0,0.0
plus,20,29,False,22031,0.8764371245574253,0.6075673588704117,0.8919791871959223,-0.007292599076248504,0.48485391468242983,0.9814643799446241,0.9998638282420226,1.0,0.0
plus,21,10,False,22031,0.8764371245574253,0.6075673588704117,0.8919791871959223,-0.007292599076248504,0.48485391468242983,0.9814643799446241,0.9998638282420226,1.0,0.0
plus,21,11,False,22031,0.8764371245574253,0.6075673588704117,0.8919791871959223,-0.007292599076248504,0.48485391468242983,0.9814643799446241,0.9998638282420226,1.0,0.0
plus,21,12,False,22031,0.8764371245574253,0.6075673588704117,0.8919791871959223,-0.007292599076248504,0.48485391468242983,0.9814643799446241,0.9998638282420226,1.0,0.0
plus,21,13,False,22031,0.8764371245574253,0.6075673588704117,0.8919791871959223,-0.007292599076248504,0.48485391468242983,0.9814643799446241,0.9998638282420226,1.0,0.0
plus,21,14,False,22031,0.8764371245574253,0.6075673588704117,0.8919791871959223,-0.007292599076248504,0.48485391468242983,0.9814643799446241,0.9998638282420226,1.0,0.0
plus,21,15,False,22031,0.8764371245574253,0.6075673588704117,0.8919791871959223,-0.007292599076248504,0.48485391468242983,0.9814643799446241,0.9998638282420226,1.0,0.0
plus,21,16,False,22031,0.8764371245574253,0.6075673588704117,0.8919791871959223,-0.007292599076248504,0.48485391468242983,0.9814643799446241,0.9998638282420226,1.0,0.0
plus,21,17,False,22031,0.8764371245574253,0.6075673588704117,0.8919791871959223,-0.007292599076248504,0.48485391468242983,0.9814643799446241,0.9998638282420226,1.0,0.0
plus,21,18,False,22031,0.8764371245574253,0.6075673588704117,0.8919791871959223,-0.007292599076248504,0.48485391468242983,0.9814643799446241,0.9998638282420226,1.0,0.0
plus,21,19,False,22031,0.8764371245574253,0.6075673588704117,0.8919791871959223,-0.007292599076248504,0.48485391468242983,0.9814643799446241,0.9998638282420226,1.0,0.0
plus,21,20,False,22031,0.8764371245574253,0.6075673588704117,0.8919791871959223,-0.007292599076248504,0.48485391468242983,0.9814643799446241,0.9998638282420226,1.0,0.0
plus,21,21,True,22031,0.8764371245574253,0.6075673588704117,0.8919791871959223,-0.007292599076248504,0.48485391468242983,0.9814643799446241,0.9998638282420226,1.0,0.0
plus,21,22,False,22031,0.8764371245574253,0.6075673588704117,0.8919791871959223,-0.007292599076248504,0.48485391468242983,0.9814643799446241,0.9998638282420226,1.0,0.0
plus,21,23,False,22031,0.8764371245574253,0.6075673588704117,0.8919791871959223,-0.007292599076248504,0.48485391468242983,0.9814643799446241,0.9998638282420226,1.0,0.0
plus,21,24,False,22031,0.8764371245574253,0.6075673588704117,0.8919791871959223,-0.007292599076248504,0.48485391468242983,0.9814643799446241,0.9998638282420226,1.0,0.0
plus,21,25,False,22031,0.8764371245574253,0.6075673588704117,0.8919791871959223,-0.007292599076248504,0.48485391468242983,0.9814643799446241,0.9998638282420226,1.0,0.0
plus,21,26,False,22031,0.8764371245574253,0.6075673588704117,0.8919791871959223,-0.007292599076248504,0.48485391468242983,0.9814643799446241,0.9998638282420226,1.0,0.0
plus,21,27,False,22031,0.8764371245574253,0.6075673588704117,0.8919791871959223,-0.007292599076248504,0.48485391468242983,0.9814643799446241,0.9998638282420226,1.0,0.0
plus,21,28,False,22031,0.8764371245574253,0.6075673588704117,0.8919791871959223,-0.007292599076248504,0.48485391468242983,0.9814643799446241,0.9998638282420226,1.0,0.0
plus,21,29,False,22031,0.8764371245574253,0.6075673588704117,0.8919791871959223,-0.007292599076248504,0.48485391468242983,0.9814643799446241,0.9998638282420226,1.0,0.0
plus,22,10,False,22031,0.8764371245574253,0.6075673588704117,0.8919791871959223,-0.007292599076248504,0.48485391468242983,0.9814643799446241,0.9998638282420226,1.0,0.0
plus,22,11,False,22031,0.8764371245574253,0.6075673588704117,0.8919791871959223,-0.007292599076248504,0.48485391468242983,0.9814643799446241,0.9998638282420226,1.0,0.0
plus,22,12,False,22031,0.8764371245574253,0.6075673588704117,0.8919791871959223,-0.007292599076248504,0.48485391468242983,0.9814643799446241,0.9998638282420226,1.0,0.0
plus,22,13,False,22031,0.8764371245574253,0.6075673588704117,0.8919791871959223,-0.007292599076248504,0.48485391468242983,0.9814643799446241,0.9998638282420226,1.0,0.0
plus,22,14,False,22031,0.8764371245574253,0.6075673588704117,0.8919791871959223,-0.007292599076248504,0.48485391468242983,0.9814643799446241,0.9998638282420226,1.0,0.0
plus,22,15,False,22031,0.8764371245574253,0.6075673588704117,0.8919791871959223,-0.007292599076248504,0.48485391468242983,0.9814643799446241,0.9998638282420226,1.0,0.0
plus,22,16,False,22031,0.8764371245574253,0.6075673588704117,0.8919791871959223,-0.007292599076248504,0.48485391468242983,0.9814643799446241,0.9998638282420226,1.0,0.0
plus,22,17,False,22031,0.8764371245574253,0.6075673588704117,0.8919791871959223,-0.007292599076248504,0.48485391468242983,0.9814643799446241,0.9998638282420226,1.0,0.0
plus,22,18,False,22031,0.8764371245574253,0.6075673588704117,0.8919791871959223,-0.007292599076248504,0.48485391468242983,0.9814643799446241,0.9998638282420226,1.0,0.0
plus,22,19,False,22031,0.8764371245574253,0.6075673588704117,0.8919791871959223,-0.007292599076248504,0.48485391468242983,0.9814643799446241,0.9998638282420226,1.0,0.0
plus,22,20,False,22031,0.8764371245574253,0.6075673588704117,0.8919791871959223,-0.007292599076248504,0.48485391468242983,0.9814643799446241,0.9998638282420226,1.0,0.0
plus,22,21,False,22031,0.8764371245574253,0.6075673588704117,0.8919791871959223,-0.007292599076248504,0.48485391468242983,0.9814643799446241,0.9998638282420226,1.0,0.0
plus,22,22,True,22031,0.8764371245574253,0.6075673588704117,0.8919791871959223,-0.007292599076248504,0.48485391468242983,0.9814643799446241,0.9998638282420226,1.0,0.0
plus,22,23,False,22031,0.8764371245574253,0.6075673588704117,0.8919791871959223,-0.007292599076248504,0.48485391468242983,0.9814643799446241,0.9998638282420226,1.0,0.0
plus,22,24,False,22031,0.8764371245574253,0.6075673588704117,0.8919791871959223,-0.007292599076248504,0.48485391468242983,0.9814643799446241,0.9998638282420226,1.0,0.0
plus,22,25,False,22031,0.8764371245574253,0.6075673588704117,0.8919791871959223,-0.007292599076248504,0.48485391468242983,0.9814643799446241,0.9998638282420226,1.0,0.0
plus,22,26,False,22031,0.8764371245574253,0.6075673588704117,0.8919791871959223,-0.007292599076248504,0.48485391468242983,0.9814643799446241,0.9998638282420226,1.0,0.0
plus,22,27,False,22031,0.8764371245574253,0.6075673588704117,0.8919791871959223,-0.007292599076248504,0.48485391468242983,0.9814643799446241,0.9998638282420226,1.0,0.0
plus,22,28,False,22031,0.8764371245574253,0.6075673588704117,0.8919791871959223,-0.007292599076248504,0.48485391468242983,0.9814643799446241,0.9998638282420226,1.0,0.0
plus,22,29,False,22031,0.8764371245574253,0.6075673588704117,0.8919791871959223,-0.007292599076248504,0.48485391468242983,0.9814643799446241,0.9998638282420226,1.0,0.0
plus,23,10,False,22031,0.8764371245574253,0.6075673588704117,0.8919791871959223,-0.007292599076248504,0.48485391468242983,0.9814643799446241,0.9998638282420226,1.0,0.0
plus,23,11,False,22031,0.8764371245574253,0.6075673588704117,0.8919791871959223,-0.007292599076248504,0.48485391468242983,0.9814643799446241,0.9998638282420226,1.0,0.0
plus,23,12,False,22031,0.8764371245574253,0.6075673588704117,0.8919791871959223,-0.007292599076248504,0.48485391468242983,0.9814643799446241,0.9998638282420226,1.0,0.0
plus,23,13,False,22031,0.8764371245574253,0.6075673588704117,0.8919791871959223,-0.007292599076248504,0.48485391468242983,0.9814643799446241,0.9998638282420226,1.0,0.0
plus,23,14,False,22031,0.8764371245574253,0.6075673588704117,0.8919791871959223,-0.007292599076248504,0.48485391468242983,0.9814643799446241,0.9998638282420226,1.0,0.0
plus,23,15,False,22031,0.8764371245574253,0.6075673588704117,0.8919791871959223,-0.007292599076248504,0.48485391468242983,0.9814643799446241,0.9998638282420226,1.0,0.0
plus,23,16,False,22031,0.8764371245574253,0.6075673588704117,0.8919791871959223,-0.007292599076248504,0.48485391468242983,0.9814643799446241,0.9998638282420226,1.0,0.0
plus,23,17,False,22031,0.8764371245574253,0.6075673588704117,0.8919791871959223,-0.007292599076248504,0.48485391468242983,0.9814643799446241,0.9998638282420226,1.0,0.0
plus,23,18,False,22031,0.8764371245574253,0.6075673588704117,0.8919791871959223,-0.007292599076248504,0.48485391468242983,0.9814643799446241,0.9998638282420226,1.0,0.0
plus,23,19,False,22031,0.8764371245574253,0.6075673588704117,0.8919791871959223,-0.007292599076248504,0.48485391468242983,0.9814643799446241,0.9998638282420226,1.0,0.0
plus,23,20,False,22031,0.8764371245574253,0.6075673588704117,0.8919791871959223,-0.007292599076248504,0.48485391468242983,0.9814643799446241,0.9998638282420226,1.0,0.0
plus,23,21,False,22031,0.8764371245574253,0.6075673588704117,0.8919791871959223,-0.007292599076248504,0.48485391468242983,0.9814643799446241,0.9998638282420226,1.0,0.0
plus,23,22,False,22031,0.8764371245574253,0.6075673588704117,0.8919791871959223,-0.007292599076248504,0.48485391468242983,0.9814643799446241,0.9998638282420226,1.0,0.0
plus,23,23,True,22031,0.8764371245574253,0.6075673588704117,0.8919791871959223,-0.007292599076248504,0.48485391468242983,0.9814643799446241,0.9998638282420226,1.0,0.0
plus,23,24,False,22031,0.8764371245574253,0.6075673588704117,0.8919791871959223,-0.007292599076248504,0.48485391468242983,0.9814643799446241,0.9998638282420226,1.0,0.0
plus,23,25,False,22031,0.8764371245574253,0.6075673588704117,0.8919791871959223,-0.007292599076248504,0.48485391468242983,0.9814643799446241,0.9998638282420226,1.0,0.0
plus,23,26,False,22031,0.8764371245574253,0.6075673588704117,0.8919791871959223,-0.007292599076248504,0.48485391468242983,0.9814643799446241,0.9998638282420226,1.0,0.0
plus,23,27,False,22031,0.8764371245574253,0.6075673588704117,0.8919791871959223,-0.007292599076248504,0.48485391468242983,0.9814643799446241,0.9998638282420226,1.0,0.0
plus,23,28,False,22031,0.8764371245574253,0.6075673588704117,0.8919791871959223,-0.007292599076248504,0.48485391468242983,0.9814643799446241,0.9998638282420226,1.0,0.0
plus,23,29,False,22031,0.8764371245574253,0.6075673588704117,0.8919791871959223,-0.007292599076248504,0.48485391468242983,0.9814643799446241,0.9998638282420226,1.0,0.0
plus,24,10,False,22031,0.8764371245574253,0.6075673588704117,0.8919791871959223,-0.007292599076248504,0.48485391468242983,0.9814643799446241,0.9998638282420226,1.0,0.0
plus,24,11,False,22031,0.8764371245574253,0.6075673588704117,0.8919791871959223,-0.007292599076248504,0.48485391468242983,0.9814643799446241,0.9998638282420226,1.0,0.0
plus,24,12,False,22031,0.8764371245574253,0.6075673588704117,0.8919791871959223,-0.007292599076248504,0.48485391468242983,0.9814643799446241,0.9998638282420226,1.0,0.0
plus,24,13,False,22031,0.8764371245574253,0.6075673588704117,0.8919791871959223,-0.007292599076248504,0.48485391468242983,0.9814643799446241,0.9998638282420226,1.0,0.0
plus,24,14,False,22031,0.8764371245574253,0.6075673588704117,0.8919791871959223,-0.007292599076248504,0.48485391468242983,0.9814643799446241,0.9998638282420226,1.0,0.0
plus,24,15,False,22031,0.8764371245574253,0.6075673588704117,0.8919791871959223,-0.007292599076248504,0.48485391468242983,0.9814643799446241,0.9998638282420226,1.0,0.0
plus,24,16,False,22031,0.8764371245574253,0.6075673588704117,0.8919791871959223,-0.007292599076248504,0.48485391468242983,0.9814643799446241,0.9998638282420226,1.0,0.0
plus,24,17,False,22031,0.8764371245574253,0.6075673588704117,0.8919791871959223,-0.007292599076248504,0.48485391468242983,0.9814643799446241,0.9998638282420226,1.0,0.0
plus,24,18,False,22031,0.8764371245574253,0.6075673588704117,0.8919791871959223,-0.007292599076248504,0.48485391468242983,0.9814643799446241,0.9998638282420226,1.0,0.0
plus,24,19,False,22031,0.8764371245574253,0.6075673588704117,0.8919791871959223,-0.007292599076248504,0.48485391468242983,0.9814643799446241,0.9998638282420226,1.0,0.0
plus,24,20,False,22031,0.8764371245574253,0.6075673588704117,0.8919791871959223,-0.007292599076248504,0.48485391468242983,0.9814643799446241,0.9998638282420226,1.0,0.0
plus,24,21,False,22031,0.8764371245574253,0.6075673588704117,0.8919791871959223,-0.007292599076248504,0.48485391468242983,0.9814643799446241,0.9998638282420226,1.0,0.0
plus,24,22,False,22031,0.8764371245574253,0.6075673588704117,0.8919791871959223,-0.007292599076248504,0.48485391468242983,0.9814643799446241,0.9998638282420226,1.0,0.0
plus,24,23,False,22031,0.8764371245574253,0.6075673588704117,0.8919791871959223,-0.007292599076248504,0.48485391468242983,0.9814643799446241,0.9998638282420226,1.0,0.0
plus,24,24,True,22031,0.8764371245574253,0.6075673588704117,0.8919791871959223,-0.007292599076248504,0.48485391468242983,0.9814643799446241,0.9998638282420226,1.0,0.0
plus,24,25,False,22031,0.8764371245574253,0.6075673588704117,0.8919791871959223,-0.007292599076248504,0.48485391468242983,0.9814643799446241,0.9998638282420226,1.0,0.0
plus,24,26,False,22031,0.8764371245574253,0.6075673588704117,0.8919791871959223,-0.007292599076248504,0.48485391468242983,0.9814643799446241,0.9998638282420226,1.0,0.0
plus,24,27,False,22031,0.8764371245574253,0.6075673588704117,0.8919791871959223,-0.007292599076248504,0.48485391468242983,0.9814643799446241,0.9998638282420226,1.0,0.0
plus,24,28,False,22031,0.8764371245574253,0.6075673588704117,0.8919791871959223,-0.007292599076248504,0.48485391468242983,0.9814643799446241,0.9998638282420226,1.0,0.0
plus,24,29,False,22031,0.8764371245574253,0.6075673588704117,0.8919791871959223,-0.007292599076248504,0.48485391468242983,0.9814643799446241,0.9998638282420226,1.0,0.0
plus,25,10,False,22031,0.8764371245574253,0.6075673588704117,0.8919791871959223,-0.007292599076248504,0.48485391468242983,0.9814643799446241,0.9998638282420226,1.0,0.0
plus,25,11,False,22031,0.8764371245574253,0.6075673588704117,0.8919791871959223,-0.007292599076248504,0.48485391468242983,0.9814643799446241,0.9998638282420226,1.0,0.0
plus,25,12,False,22031,0.8764371245574253,0.6075673588704117,0.8919791871959223,-0.007292599076248504,0.48485391468242983,0.9814643799446241,0.9998638282420226,1.0,0.0
plus,25,13,False,22031,0.8764371245574253,0.6075673588704117,0.8919791871959223,-0.007292599076248504,0.48485391468242983,0.9814643799446241,0.9998638282420226,1.0,0.0
plus,25,14,False,22031,0.8764371245574253,0.6075673588704117,0.8919791871959223,-0.007292599076248504,0.48485391468242983,0.9814643799446241,0.9998638282420226,1.0,0.0
plus,25,15,False,22031,0.8764371245574253,0.6075673588704117,0.8919791871959223,-0.007292599076248504,0.48485391468242983,0.9814643799446241,0.9998638282420226,1.0,0.0
plus,25,16,False,22031,0.8764371245574253,0.6075673588704117,0.8919791871959223,-0.007292599076248504,0.48485391468242983,0.9814643799446241,0.9998638282420226,1.0,0.0
plus,25,17,False,22031,0.8764371245574253,0.6075673588704117,0.8919791871959223,-0.007292599076248504,0.48485391468242983,0.9814643799446241,0.9998638282420226,1.0,0.0
plus,25,18,False,22031,0.8764371245574253,0.6075673588704117,0.8919791871959223,-0.007292599076248504,0.48485391468242983,0.9814643799446241,0.9998638282420226,1.0,0.0
plus,25,19,False,22031,0.8764371245574253,0.6075673588704117,0.8919791871959223,-0.007292599076248504,0.48485391468242983,0.9814643799446241,0.9998638282420226,1.0,0.0
plus,25,20,False,22031,0.8764371245574253,0.6075673588704117,0.8919791871959223,-0.007292599076248504,0.48485391468242983,0.9814643799446241,0.9998638282420226,1.0,0.0
plus,25,21,False,22031,0.8764371245574253,0.6075673588704117,0.8919791871959223,-0.007292599076248504,0.48485391468242983,0.9814643799446241,0.9998638282420226,1.0,0.0
plus,25,22,False,22031,0.8764371245574253,0.6075673588704117,0.8919791871959223,-0.007292599076248504,0.48485391468242983,0.9814643799446241,0.9998638282420226,1.0,0.0
plus,25,23,False,22031,0.8764371245574253,0.6075673588704117,0.8919791871959223,-0.007292599076248504,0.48485391468242983,0.9814643799446241,0.9998638282420226,1.0,0.0
plus,25,24,False,22031,0.8764371245574253,0.6075673588704117,0.8919791871959223,-0.007292599076248504,0.48485391468242983,0.9814643799446241,0.9998638282420226,1.0,0.0
plus,25,25,True,22031,0.8764371245574253,0.6075673588704117,0.8919791871959223,-0.007292599076248504,0.48485391468242983,0.9814643799446241,0.9998638282420226,1.0,0.0
plus,25,26,False,22031,0.8764371245574253,0.6075673588704117,0.8919791871959223,-0.007292599076248504,0.48485391468242983,0.9814643799446241,0.9998638282420226,1.0,0.0
plus,25,27,False,22031,0.8764371245574253,0.6075673588704117,0.8919791871959223,-0.007292599076248504,0.48485391468242983,0.9814643799446241,0.9998638282420226,1.0,0.0
plus,25,28,False,22031,0.8764371245574253,0.6075673588704117,0.8919791871959223,-0.007292599076248504,0.48485391468242983,0.9814643799446241,0.9998638282420226,1.0,0.0
plus,25,29,False,22031,0.8764371245574253,0.6075673588704117,0.8919791871959223,-0.007292599076248504,0.48485391468242983,0.9814643799446241,0.9998638282420226,1.0,0.0
plus,26,10,False,22031,0.8764371245574253,0.6075673588704117,0.8919791871959223,-0.007292599076248504,0.48485391468242983,0.9814643799446241,0.9998638282420226,1.0,0.0
plus,26,11,False,22031,0.8764371245574253,0.6075673588704117,0.8919791871959223,-0.007292599076248504,0.48485391468242983,0.9814643799446241,0.9998638282420226,1.0,0.0
plus,26,12,False,22031,0.8764371245574253,0.6075673588704117,0.8919791871959223,-0.007292599076248504,0.48485391468242983,0.9814643799446241,0.9998638282420226,1.0,0.0
plus,26,13,False,22031,0.8764371245574253,0.6075673588704117,0.8919791871959223,-0.007292599076248504,0.48485391468242983,0.9814643799446241,0.9998638282420226,1.0,0.0
plus,26,14,False,22031,0.8764371245574253,0.6075673588704117,0.8919791871959223,-0.007292599076248504,0.48485391468242983,0.9814643799446241,0.9998638282420226,1.0,0.0
plus,26,15,False,22031,0.8764371245574253,0.6075673588704117,0.8919791871959223,-0.007292599076248504,0.48485391468242983,0.9814643799446241,0.9998638282420226,1.0,0.0
plus,26,16,False,22031,0.8764371245574253,0.6075673588704117,0.8919791871959223,-0.007292599076248504,0.48485391468242983,0.9814643799446241,0.9998638282420226,1.0,0.0
plus,26,17,False,22031,0.8764371245574253,0.6075673588704117,0.8919791871959223,-0.007292599076248504,0.48485391468242983,0.9814643799446241,0.9998638282420226,1.0,0.0
plus,26,18,False,22031,0.8764371245574253,0.6075673588704117,0.8919791871959223,-0.007292599076248504,0.48485391468242983,0.9814643799446241,0.9998638282420226,1.0,0.0
plus,26,19,False,22031,0.8764371245574253,0.6075673588704117,0.8919791871959223,-0.007292599076248504,0.48485391468242983,0.9814643799446241,0.9998638282420226,1.0,0.0
plus,26,20,False,22031,0.8764371245574253,0.6075673588704117,0.8919791871959223,-0.007292599076248504,0.48485391468242983,0.9814643799446241,0.9998638282420226,1.0,0.0
plus,26,21,False,22031,0.8764371245574253,0.6075673588704117,0.8919791871959223,-0.007292599076248504,0.48485391468242983,0.9814643799446241,0.9998638282420226,1.0,0.0
plus,26,22,False,22031,0.8764371245574253,0.6075673588704117,0.8919791871959223,-0.007292599076248504,0.48485391468242983,0.9814643799446241,0.9998638282420226,1.0,0.0
plus,26,23,False,22031,0.8764371245574253,0.6075673588704117,0.8919791871959223,-0.007292599076248504,0.48485391468242983,0.9814643799446241,0.9998638282420226,1.0,0.0
plus,26,24,False,22031,0.8764371245574253,0.6075673588704117,0.8919791871959223,-0.007292599076248504,0.48485391468242983,0.9814643799446241,0.9998638282420226,1.0,0.0
plus,26,25,False,22031,0.8764371245574253,0.6075673588704117,0.8919791871959223,-0.007292599076248504,0.48485391468242983,0.9814643799446241,0.9998638282420226,1.0,0.0
plus,26,26,True,22031,0.8764371245574253,0.6075673588704117,0.8919791871959223,-0.007292599076248504,0.48485391468242983,0.9814643799446241,0.9998638282420226,1.0,0.0
plus,26,27,False,22031,0.8764371245574253,0.6075673588704117,0.8919791871959223,-0.007292599076248504,0.48485391468242983,0.9814643799446241,0.9998638282420226,1.0,0.0
plus,26,28,False,22031,0.8764371245574253,0.6075673588704117,0.8919791871959223,-0.007292599076248504,0.48485391468242983,0.9814643799446241,0.9998638282420226,1.0,0.0
plus,26,29,False,22031,0.8764371245574253,0.6075673588704117,0.8919791871959223,-0.007292599076248504,0.48485391468242983,0.9814643799446241,0.9998638282420226,1.0,0.0
plus,27,10,False,22031,0.8764371245574253,0.6075673588704117,0.8919791871959223,-0.007292599076248504,0.48485391468242983,0.9814643799446241,0.9998638282420226,1.0,0.0
plus,27,11,False,22031,0.8764371245574253,0.6075673588704117,0.8919791871959223,-0.007292599076248504,0.48485391468242983,0.9814643799446241,0.9998638282420226,1.0,0.0
plus,27,12,False,22031,0.8764371245574253,0.6075673588704117,0.8919791871959223,-0.007292599076248504,0.48485391468242983,0.9814643799446241,0.9998638282420226,1.0,0.0
plus,27,13,False,22031,0.8764371245574253,0.6075673588704117,0.8919791871959223,-0.007292599076248504,0.48485391468242983,0.9814643799446241,0.9998638282420226,1.0,0.0
plus,27,14,False,22031,0.8764371245574253,0.6075673588704117,0.8919791871959223,-0.007292599076248504,0.48485391468242983,0.9814643799446241,0.9998638282420226,1.0,0.0
plus,27,15,False,22031,0.8764371245574253,0.6075673588704117,0.8919791871959223,-0.007292599076248504,0.48485391468242983,0.9814643799446241,0.9998638282420226,1.0,0.0
plus,27,16,False,22031,0.8764371245574253,0.6075673588704117,0.8919791871959223,-0.007292599076248504,0.48485391468242983,0.9814643799446241,0.9998638282420226,1.0,0.0
plus,27,17,False,22031,0.8764371245574253,0.6075673588704117,0.8919791871959223,-0.007292599076248504,0.48485391468242983,0.9814643799446241,0.9998638282420226,1.0,0.0
plus,27,18,False,22031,0.8764371245574253,0.6075673588704117,0.8919791871959223,-0.007292599076248504,0.48485391468242983,0.9814643799446241,0.9998638282420226,1.0,0.0
plus,27,19,False,22031,0.8764371245574253,0.6075673588704117,0.8919791871959223,-0.007292599076248504,0.48485391468242983,0.9814643799446241,0.9998638282420226,1.0,0.0
plus,27,20,False,22031,0.8764371245574253,0.6075673588704117,0.8919791871959223,-0.007292599076248504,0.48485391468242983,0.9814643799446241,0.9998638282420226,1.0,0.0
plus,27,21,False,22031,0.8764371245574253,0.6075673588704117,0.8919791871959223,-0.007292599076248504,0.48485391468242983,0.9814643799446241,0.9998638282420226,1.0,0.0
plus,27,22,False,22031,0.8764371245574253,0.6075673588704117,0.8919791871959223,-0.007292599076248504,0.48485391468242983,0.9814643799446241,0.9998638282420226,1.0,0.0
plus,27,23,False,22031,0.8764371245574253,0.6075673588704117,0.8919791871959223,-0.007292599076248504,0.48485391468242983,0.9814643799446241,0.9998638282420226,1.0,0.0
plus,27,24,False,22031,0.8764371245574253,0.6075673588704117,0.8919791871959223,-0.007292599076248504,0.48485391468242983,0.9814643799446241,0.9998638282420226,1.0,0.0
plus,27,25,False,22031,0.8764371245574253,0.6075673588704117,0.8919791871959223,-0.007292599076248504,0.48485391468242983,0.9814643799446241,0.9998638282420226,1.0,0.0
plus,27,26,False,22031,0.8764371245574253,0.6075673588704117,0.8919791871959223,-0.007292599076248504,0.48485391468242983,0.9814643799446241,0.9998638282420226,1.0,0.0
plus,27,27,True,22031,0.8764371245574253,0.6075673588704117,0.8919791871959223,-0.007292599076248504,0.48485391468242983,0.9814643799446241,0.9998638282420226,1.0,0.0
plus,27,28,False,22031,0.8764371245574253,0.6075673588704117,0.8919791871959223,-0.007292599076248504,0.48485391468242983,0.9814643799446241,0.9998638282420226,1.0,0.0
plus,27,29,False,22031,0.8764371245574253,0.6075673588704117,0.8919791871959223,-0.007292599076248504,0.48485391468242983,0.9814643799446241,0.9998638282420226,1.0,0.0
plus,28,10,False,22031,0.8764371245574253,0.6075673588704117,0.8919791871959223,-0.007292599076248504,0.48485391468242983,0.9814643799446241,0.9998638282420226,1.0,0.0
plus,28,11,False,22031,0.8764371245574253,0.6075673588704117,0.8919791871959223,-0.007292599076248504,0.48485391468242983,0.9814643799446241,0.9998638282420226,1.0,0.0
plus,28,12,False,22031,0.8764371245574253,0.6075673588704117,0.8919791871959223,-0.007292599076248504,0.48485391468242983,0.9814643799446241,0.9998638282420226,1.0,0.0
plus,28,13,False,22031,0.8764371245574253,0.6075673588704117,0.8919791871959223,-0.007292599076248504,0.48485391468242983,0.9814643799446241,0.9998638282420226,1.0,0.0
plus,28,14,False,22031,0.8764371245574253,0.6075673588704117,0.8919791871959223,-0.007292599076248504,0.48485391468242983,0.9814643799446241,0.9998638282420226,1.0,0.0
plus,28,15,False,22031,0.8764371245574253,0.6075673588704117,0.8919791871959223,-0.007292599076248504,0.48485391468242983,0.9814643799446241,0.9998638282420226,1.0,0.0
plus,28,16,False,22031,0.8764371245574253,0.6075673588704117,0.8919791871959223,-0.007292599076248504,0.48485391468242983,0.9814643799446241,0.9998638282420226,1.0,0.0
plus,28,17,False,22031,0.8764371245574253,0.6075673588704117,0.8919791871959223,-0.007292599076248504,0.48485391468242983,0.9814643799446241,0.9998638282420226,1.0,0.0
plus,28,18,False,22031,0.8764371245574253,0.6075673588704117,0.8919791871959223,-0.007292599076248504,0.48485391468242983,0.9814643799446241,0.9998638282420226,1.0,0.0
plus,28,19,False,22031,0.8764371245574253,0.6075673588704117,0.8919791871959223,-0.007292599076248504,0.48485391468242983,0.9814643799446241,0.9998638282420226,1.0,0.0
plus,28,20,False,22031,0.8764371245574253,0.6075673588704117,0.8919791871959223,-0.007292599076248504,0.48485391468242983,0.9814643799446241,0.9998638282420226,1.0,0.0
plus,28,21,False,22031,0.8764371245574253,0.6075673588704117,0.8919791871959223,-0.007292599076248504,0.48485391468242983,0.9814643799446241,0.9998638282420226,1.0,0.0
plus,28,22,False,22031,0.8764371245574253,0.6075673588704117,0.8919791871959223,-0.007292599076248504,0.48485391468242983,0.9814643799446241,0.9998638282420226,1.0,0.0
plus,28,23,False,22031,0.8764371245574253,0.6075673588704117,0.8919791871959223,-0.007292599076248504,0.48485391468242983,0.9814643799446241,0.9998638282420226,1.0,0.0
plus,28,24,False,22031,0.8764371245574253,0.6075673588704117,0.8919791871959223,-0.007292599076248504,0.48485391468242983,0.9814643799446241,0.9998638282420226,1.0,0.0
plus,28,25,False,22031,0.8764371245574253,0.6075673588704117,0.8919791871959223,-0.007292599076248504,0.48485391468242983,0.9814643799446241,0.9998638282420226,1.0,0.0
plus,28,26,False,22031,0.8764371245574253,0.6075673588704117,0.8919791871959223,-0.007292599076248504,0.48485391468242983,0.9814643799446241,0.9998638282420226,1.0,0.0
plus,28,27,False,22031,0.8764371245574253,0.6075673588704117,0.8919791871959223,-0.007292599076248504,0.48485391468242983,0.9814643799446241,0.9998638282420226,1.0,0.0
plus,28,28,True,22031,0.8764371245574253,0.6075673588704117,0.8919791871959223,-0.007292599076248504,0.48485391468242983,0.9814643799446241,0.9998638282420226,1.0,0.0
plus,28,29,False,22031,0.8764371245574253,0.6075673588704117,0.8919791871959223,-0.007292599076248504,0.48485391468242983,0.9814643799446241,0.9998638282420226,1.0,0.0
plus,29,10,False,22031,0.8764371245574253,0.6075673588704117,0.8919791871959223,-0.007292599076248504,0.48485391468242983,0.9814643799446241,0.9998638282420226,1.0,0.0
plus,29,11,False,22031,0.8764371245574253,0.6075673588704117,0.8919791871959223,-0.007292599076248504,0.48485391468242983,0.9814643799446241,0.9998638282420226,1.0,0.0
plus,29,12,False,22031,0.8764371245574253,0.6075673588704117,0.8919791871959223,-0.007292599076248504,0.48485391468242983,0.9814643799446241,0.9998638282420226,1.0,0.0
plus,29,13,False,22031,0.8764371245574253,0.6075673588704117,0.8919791871959223,-0.007292599076248504,0.48485391468242983,0.9814643799446241,0.9998638282420226,1.0,0.0
plus,29,14,False,22031,0.8764371245574253,0.6075673588704117,0.8919791871959223,-0.007292599076248504,0.48485391468242983,0.9814643799446241,0.9998638282420226,1.0,0.0
plus,29,15,False,22031,0.8764371245574253,0.6075673588704117,0.8919791871959223,-0.007292599076248504,0.48485391468242983,0.9814643799446241,0.9998638282420226,1.0,0.0
plus,29,16,False,22031,0.8764371245574253,0.6075673588704117,0.8919791871959223,-0.007292599076248504,0.48485391468242983,0.9814643799446241,0.9998638282420226,1.0,0.0
plus,29,17,False,22031,0.8764371245574253,0.6075673588704117,0.8919791871959223,-0.007292599076248504,0.48485391468242983,0.9814643799446241,0.9998638282420226,1.0,0.0
plus,29,18,False,22031,0.8764371245574253,0.6075673588704117,0.8919791871959223,-0.007292599076248504,0.48485391468242983,0.9814643799446241,0.9998638282420226,1.0,0.0
plus,29,19,False,22031,0.8764371245574253,0.6075673588704117,0.8919791871959223,-0.007292599076248504,0.48485391468242983,0.9814643799446241,0.9998638282420226,1.0,0.0
plus,29,20,False,22031,0.8764371245574253,0.6075673588704117,0.8919791871959223,-0.007292599076248504,0.48485391468242983,0.9814643799446241,0.9998638282420226,1.0,0.0
plus,29,21,False,22031,0.8764371245574253,0.6075673588704117,0.8919791871959223,-0.007292599076248504,0.48485391468242983,0.9814643799446241,0.9998638282420226,1.0,0.0
plus,29,22,False,22031,0.8764371245574253,0.6075673588704117,0.8919791871959223,-0.007292599076248504,0.48485391468242983,0.9814643799446241,0.9998638282420226,1.0,0.0
plus,29,23,False,22031,0.8764371245574253,0.6075673588704117,0.8919791871959223,-0.007292599076248504,0.48485391468242983,0.9814643799446241,0.9998638282420226,1.0,0.0
plus,29,24,False,22031,0.8764371245574253,0.6075673588704117,0.8919791871959223,-0.007292599076248504,0.48485391468242983,0.9814643799446241,0.9998638282420226,1.0,0.0
plus,29,25,False,22031,0.8764371245574253,0.6075673588704117,0.8919791871959223,-0.007292599076248504,0.48485391468242983,0.9814643799446241,0.9998638282420226,1.0,0.0
plus,29,26,False,22031,0.8764371245574253,0.6075673588704117,0.8919791871959223,-0.007292599076248504,0.48485391468242983,0.9814643799446241,0.9998638282420226,1.0,0.0
plus,29,27,False,22031,0.8764371245574253,0.6075673588704117,0.8919791871959223,-0.007292599076248504,0.48485391468242983,0.9814643799446241,0.9998638282420226,1.0,0.0
plus,29,28,False,22031,0.8764371245574253,0.6075673588704117,0.8919791871959223,-0.007292599076248504,0.48485391468242983,0.9814643799446241,0.9998638282420226,1.0,0.0
plus,29,29,True,22031,0.8764371245574253,0.6075673588704117,0.8919791871959223,-0.007292599076248504,0.48485391468242983,0.9814643799446241,0.9998638282420226,1.0,0.0
