particle_suffix,parton_10,parton_11,parton_12,parton_13,parton_14,parton_15,parton_16,parton_17,parton_18,parton_19,parton_20,parton_21,parton_22,parton_23,parton_24,parton_25,parton_26,parton_27,parton_28,parton_29
10,-0.007292599076248504,-0.007292599076248504,-0.007292599076248504,-0.007292599076248504,-0.007292599076248504,-0.007292599076248504,-0.007292599076248504,-0.007292599076248504,-0.007292599076248504,-0.007292599076248504,-0.007292599076248504,-0.007292599076248504,-0.007292599076248504,-0.007292599076248504,-0.007292599076248504,-0.007292599076248504,-0.007292599076248504,-0.007292599076248504,-0.007292599076248504,-0.007292599076248504
11,-0.007292599076248504,-0.007292599076248504,-0.007292599076248504,-0.007292599076248504,-0.007292599076248504,-0.007292599076248504,-0.007292599076248504,-0.007292599076248504,-0.007292599076248504,-0.007292599076248504,-0.007292599076248504,-0.007292599076248504,-0.007292599076248504,-0.007292599076248504,-0.007292599076248504,-0.007292599076248504,-0.007292599076248504,-0.007292599076248504,-0.007292599076248504,-0.007292599076248504
12,-0.009560733207331066,-0.009560733207331066,-0.009560733207331066,-0.009560733207331066,-0.009560733207331066,-0.009560733207331066,-0.009560733207331066,-0.009560733207331066,-0.009560733207331066,-0.009560733207331066,-0.009560733207331066,-0.009560733207331066,-0.009560733207331066,-0.009560733207331066,-0.009560733207331066,-0.009560733207331066,-0.009560733207331066,-0.009560733207331066,-0.009560733207331066,-0.009560733207331066
13,-0.007292599076248504,-0.007292599076248504,-0.007292599076248504,-0.007292599076248504,-0.007292599076248504,-0.007292599076248504,-0.007292599076248504,-0.007292599076248504,-0.007292599076248504,-0.007292599076248504,-0.007292599076248504,-0.007292599076248504,-0.007292599076248504,-0.007292599076248504,-0.007292599076248504,-0.007292599076248504,-0.007292599076248504,-0.007292599076248504,-0.007292599076248504,-0.007292599076248504
14,-0.007292599076248504,-0.007292599076248504,-0.007292599076248504,-0.007292599076248504,-0.007292599076248504,-0.007292599076248504,-0.007292599076248504,-0.007292599076248504,-0.007292599076248504,-0.007292599076248504,-0.007292599076248504,-0.007292599076248504,-0.007292599076248504,-0.007292599076248504,-0.007292599076248504,-0.007292599076248504,-0.007292599076248504,-0.007292599076248504,-0.007292599076248504,-0.007292599076248504
15,-0.007292599076248504,-0.007292599076248504,-0.007292599076248504,-0.007292599076248504,-0.007292599076248504,-0.007292599076248504,-0.007292599076248504,-0.007292599076248504,-0.007292599076248504,-0.007292599076248504,-0.007292599076248504,-0.007292599076248504,-0.007292599076248504,-0.007292599076248504,-0.007292599076248504,-0.007292599076248504,-0.007292599076248504,-0.007292599076248504,-0.007292599076248504,-0.007292599076248504
16,-0.009560733207331066,-0.009560733207331066,-0.009560733207331066,-0.009560733207331066,-0.009560733207331066,-0.009560733207331066,-0.009560733207331066,-0.009560733207331066,-0.009560733207331066,-0.009560733207331066,-0.009560733207331066,-0.009560733207331066,-0.009560733207331066,-0.009560733207331066,-0.009560733207331066,-0.009560733207331066,-0.009560733207331066,-0.009560733207331066,-0.009560733207331066,-0.009560733207331066
17,-0.007292599076248504,-0.007292599076248504,-0.007292599076248504,-0.007292599076248504,-0.007292599076248504,-0.007292599076248504,-0.007292599076248504,-0.007292599076248504,-0.007292599076248504,-0.007292599076248504,-0.007292599076248504,-0.007292599076248504,-0.007292599076248504,-0.007292599076248504,-0.007292599076248504,-0.007292599076248504,-0.007292599076248504,-0.007292599076248504,-0.007292599076248504,-0.007292599076248504
18,-0.007292599076248504,-0.007292599076248504,-0.007292599076248504,-0.007292599076248504,-0.007292599076248504,-0.007292599076248504,-0.007292599076248504,-0.007292599076248504,-0.007292599076248504,-0.007292599076248504,-0.007292599076248504,-0.007292599076248504,-0.007292599076248504,-0.007292599076248504,-0.007292599076248504,-0.007292599076248504,-0.007292599076248504,-0.007292599076248504,-0.007292599076248504,-0.007292599076248504
19,-0.009560733207331066,-0.009560733207331066,-0.009560733207331066,-0.009560733207331066,-0.009560733207331066,-0.009560733207331066,-0.009560733207331066,-0.009560733207331066,-0.009560733207331066,-0.009560733207331066,-0.009560733207331066,-0.009560733207331066,-0.009560733207331066,-0.009560733207331066,-0.009560733207331066,-0.009560733207331066,-0.009560733207331066,-0.009560733207331066,-0.009560733207331066,-0.009560733207331066
20,-0.007292599076248504,-0.007292599076248504,-0.007292599076248504,-0.007292599076248504,-0.007292599076248504,-0.007292599076248504,-0.007292599076248504,-0.007292599076248504,-0.007292599076248504,-0.007292599076248504,-0.007292599076248504,-0.007292599076248504,-0.007292599076248504,-0.007292599076248504,-0.007292599076248504,-0.007292599076248504,-0.007292599076248504,-0.007292599076248504,-0.007292599076248504,-0.007292599076248504
21,-0.007292599076248504,-0.007292599076248504,-0.007292599076248504,-0.007292599076248504,-0.007292599076248504,-0.007292599076248504,-0.007292599076248504,-0.007292599076248504,-0.007292599076248504,-0.007292599076248504,-0.007292599076248504,-0.007292599076248504,-0.007292599076248504,-0.007292599076248504,-0.007292599076248504,-0.007292599076248504,-0.007292599076248504,-0.007292599076248504,-0.007292599076248504,-0.007292599076248504
22,-0.007292599076248504,-0.007292599076248504,-0.007292599076248504,-0.007292599076248504,-0.007292599076248504,-0.007292599076248504,-0.007292599076248504,-0.007292599076248504,-0.007292599076248504,-0.007292599076248504,-0.007292599076248504,-0.007292599076248504,-0.007292599076248504,-0.007292599076248504,-0.007292599076248504,-0.007292599076248504,-0.007292599076248504,-0.007292599076248504,-0.007292599076248504,-0.007292599076248504
23,-0.007292599076248504,-0.007292599076248504,-0.007292599076248504,-0.007292599076248504,-0.007292599076248504,-0.007292599076248504,-0.007292599076248504,-0.007292599076248504,-0.007292599076248504,-0.007292599076248504,-0.007292599076248504,-0.007292599076248504,-0.007292599076248504,-0.007292599076248504,-0.007292599076248504,-0.007292599076248504,-0.007292599076248504,-0.007292599076248504,-0.007292599076248504,-0.007292599076248504
24,-0.007292599076248504,-0.007292599076248504,-0.007292599076248504,-0.007292599076248504,-0.007292599076248504,-0.007292599076248504,-0.007292599076248504,-0.007292599076248504,-0.007292599076248504,-0.007292599076248504,-0.007292599076248504,-0.007292599076248504,-0.007292599076248504,-0.007292599076248504,-0.007292599076248504,-0.007292599076248504,-0.007292599076248504,-0.007292599076248504,-0.007292599076248504,-0.007292599076248504
25,-0.007292599076248504,-0.007292599076248504,-0.007292599076248504,-0.007292599076248504,-0.007292599076248504,-0.007292599076248504,-0.007292599076248504,-0.007292599076248504,-0.007292599076248504,-0.007292599076248504,-0.007292599076248504,-0.007292599076248504,-0.007292599076248504,-0.007292599076248504,-0.007292599076248504,-0.007292599076248504,-0.007292599076248504,-0.007292599076248504,-0.007292599076248504,-0.007292599076248504
26,-0.007292599076248504,-0.007292599076248504,-0.007292599076248504,-0.007292599076248504,-0.007292599076248504,-0.007292599076248504,-0.007292599076248504,-0.007292599076248504,-0.007292599076248504,-0.007292599076248504,-0.007292599076248504,-0.007292599076248504,-0.007292599076248504,-0.007292599076248504,-0.007292599076248504,-0.007292599076248504,-0.007292599076248504,-0.007292599076248504,-0.007292599076248504,-0.007292599076248504
27,-0.007292599076248504,-0.007292599076248504,-0.007292599076248504,-0.007292599076248504,-0.007292599076248504,-0.007292599076248504,-0.007292599076248504,-0.007292599076248504,-0.007292599076248504,-0.007292599076248504,-0.007292599076248504,-0.007292599076248504,-0.007292599076248504,-0.007292599076248504,-0.007292599076248504,-0.007292599076248504,-0.007292599076248504,-0.007292599076248504,-0.007292599076248504,-0.007292599076248504
28,-0.007292599076248504,-0.007292599076248504,-0.007292599076248504,-0.007292599076248504,-0.007292599076248504,-0.007292599076248504,-0.007292599076248504,-0.007292599076248504,-0.007292599076248504,-0.007292599076248504,-0.007292599076248504,-0.007292599076248504,-0.007292599076248504,-0.007292599076248504,-0.007292599076248504,-0.007292599076248504,-0.007292599076248504,-0.007292599076248504,-0.007292599076248504,-0.007292599076248504
29,-0.007292599076248504,-0.007292599076248504,-0.007292599076248504,-0.007292599076248504,-0.007292599076248504,-0.007292599076248504,-0.007292599076248504,-0.007292599076248504,-0.007292599076248504,-0.007292599076248504,-0.007292599076248504,-0.007292599076248504,-0.007292599076248504,-0.007292599076248504,-0.007292599076248504,-0.007292599076248504,-0.007292599076248504,-0.007292599076248504,-0.007292599076248504,-0.007292599076248504
