channel,bin,bin_low_edge,bin_up_edge,nominal_correction_new,stat_unc_new,relative_scale_unc,relative_pdf_unc,relative_shower_unc,relative_model_unc,scale_unc,pdf_unc,shower_unc,model_unc,systematic_unc,total_unc,stat_unc_percent,scale_unc_percent,pdf_unc_percent,shower_unc_percent,model_unc_percent,systematic_unc_percent,total_unc_percent
Pythia_minus,1,0.0,0.21,0.6297961473464966,0.003949787178438462,0.0025304164737462997,0.0012495670234784484,0.021091973409056664,0.0038675395771861076,0.001593646546347527,0.000786972497237956,0.013283643592958638,0.002435761525421909,0.013621569525556558,0.014182664597829563,0.6271532773072677,0.25304164737463,0.12495670234784484,2.1091973409056664,0.38675395771861076,2.1628537397295866,2.251945277465575
Pythia_minus,2,0.21,0.42,0.6508769989013672,0.004068033751717208,0.0032026295084506273,0.0014001803938299417,0.012807754799723625,0.006531816441565752,0.002084517883053305,0.0009113452126565669,0.008336273006708694,0.004251409082860924,0.009630352627687808,0.010454309653856818,0.6250080673589252,0.32026295084506273,0.14001803938299417,1.2807754799723625,0.6531816441565752,1.4795963974672848,1.6061882155158236
Pythia_minus,3,0.42,0.63,0.6385827660560608,0.004057502695155843,0.00275983358733356,0.0010502615477889776,0.01801581308245659,0.003557118820026517,0.0017623821660538858,0.000670678924269405,0.011504587750944095,0.0022715147752826043,0.011877336393829386,0.012551272761492396,0.635391825591428,0.275983358733356,0.10502615477889776,1.8015813082456589,0.3557118820026517,1.8599525425944052,1.9654888024946366
Pythia_minus,4,0.63,0.84,0.6483415961265564,0.004124283410928271,0.0020960497204214334,0.000568437681067735,0.007209928706288338,0.003818175056949258,0.0013589562212986545,0.0003685417934419337,0.004674496685393659,0.002475481710713087,0.005473711174948036,0.006853555842072723,0.6361281515127729,0.20960497204214334,0.056843768106773496,0.7209928706288338,0.3818175056949258,0.8442634573579892,1.057090256589816
Pythia_minus,5,0.84,1.05,0.642834484577179,0.004169372540930214,0.0022249771282076836,0.00030497086117975414,0.0129783870652318,0.0030966708436608315,0.001430292025407398,0.00019604578635754565,0.00834295475972141,0.0019906468056898885,0.008697800759735419,0.00964548627292149,0.6485919223317022,0.22249771282076836,0.030497086117975414,1.29783870652318,0.30966708436608315,1.3530389187904803,1.500461861386568
Pythia_minus,6,1.05,1.37,0.6252648234367371,0.0035107473282351863,0.00196086592040956,0.0012859674170613289,0.008866846561431885,0.004812982399016619,0.0012260604835079986,0.0008040701899742486,0.0055441272496743466,0.0030093885899252493,0.006476381692378777,0.007366740570163273,0.5614816629118103,0.19608659204095602,0.1285967417061329,0.8866846561431885,0.4812982399016619,1.0357821917410397,1.1781792760501621
Pythia_minus,7,1.37,1.52,0.608293354511261,0.005239528727775573,0.0006445108447223902,0.0005990659701637924,0.02538219653069973,0.001911490922793746,0.00039205166375506917,0.00036440784856447625,0.01543982147252343,0.0011627472255440335,0.015492790768646379,0.016354792175085564,0.8613490002673664,0.06445108447223902,0.05990659701637924,2.538219653069973,0.1911490922793746,2.546927506892494,2.6886356810894267
Pythia_minus,8,1.52,1.74,0.6515222191810608,0.004799659818272481,0.0013902783393859863,0.001407817704603076,0.007306489162147045,0.00344223459251225,0.0009057972289561178,0.0009172245151053832,0.004760340033344412,0.0022426923206553956,0.005417774036380905,0.007238025274922883,0.7366839805257103,0.13902783393859863,0.1407817704603076,0.7306489162147045,0.344223459251225,0.8315562964515387,1.1109406650813556
Pythia_minus,9,1.74,1.95,0.6568253636360168,0.005367709316869262,0.0015693868044763803,0.001469961367547512,0.028124893084168434,0.007408464327454567,0.001030813058535765,0.0009655079097702912,0.018473143127233027,0.004866067275864805,0.019155427659490038,0.019893283090740982,0.8172201644520849,0.15693868044763803,0.1469961367547512,2.8124893084168434,0.7408464327454567,2.9163654024336854,3.0287020252410577
Pythia_minus,10,1.95,2.18,0.6176127791404724,0.005187597276527658,0.0019000350730493665,0.003177235135808587,0.02439875714480877,0.004156525246798992,0.0011734859419303897,0.0019623010222094978,0.015068984207778802,0.0025671231092430635,0.015456134726055198,0.016303474052281205,0.8399433191371465,0.19000350730493665,0.3177235135808587,2.439875714480877,0.4156525246798992,2.5025607060082855,2.639756592305399
Pythia_minus,11,2.18,2.5,0.6317950487136841,0.005104885023999737,0.0016407377552241087,0.00629668403416872,0.011603958904743195,0.0012905460316687822,0.0010366099899881964,0.003978213796102303,0.007331323781493815,0.00081536059294543,0.00844475378945219,0.009867812202951774,0.8079969975062531,0.16407377552241087,0.629668403416872,1.1603958904743195,0.12905460316687822,1.336628675176461,1.5618691889153524
