pair_label,bin,bin_low_edge,bin_up_edge,correction_factor,particle_yield,parton_yield,stat_unc_independent,stat_unc_correlated_delta,stat_unc_paired_bootstrap,bootstrap_mean_correction,parton_particle_covariance,parton_particle_correlation_coefficient,bootstrap_over_independent,delta_over_independent,bootstrap_change_vs_independent_percent,delta_change_vs_independent_percent
Pythia_minus,1,0.0,0.21,0.7482501739004483,4.995879779155515,3.7381679135388475,0.005877197700287352,0.004116079393947377,0.004035521655809595,0.7482730067574715,0.00029352398640075943,0.5099889000692064,0.6866404469620424,0.7003472749855141,-31.33595530379576,-29.96527250144859
Pythia_minus,2,0.21,0.42,0.7358470504504497,5.11307577961487,3.7624417311592357,0.005740814878359119,0.004401044140548836,0.004415130578950678,0.7358254028216765,0.00024137648953904305,0.41256143956603,0.7690773300484203,0.7666235950473244,-23.092266995157974,-23.337640495267564
Pythia_minus,3,0.42,0.63,0.746262264293368,4.876122117483933,3.638865932364532,0.005945550361235313,0.004628856764853889,0.004670054280512013,0.7461255986859323,0.00022180351307465765,0.39426597421355186,0.7854704773775915,0.7785413432932635,-21.452952262240853,-22.145865670673647
Pythia_minus,4,0.63,0.84,0.7294438234741925,4.994598948549402,3.643279353750057,0.0057741670361639305,0.004461231204482577,0.0043639302649713906,0.7294837620604735,0.00022978815690308924,0.40328454170309846,0.7557679294069346,0.7726190074761671,-24.42320705930654,-22.738099252383293
Pythia_minus,5,0.84,1.05,0.7243825067157668,4.697446247931146,3.402747888238937,0.00592155812344555,0.004687512922215817,0.004668027718436648,0.7246755727188646,0.00019940411401613717,0.37353039379876335,0.7883107150387108,0.7916012685337479,-21.168928496128924,-20.83987314662521
Pythia_minus,6,1.05,1.37,0.7224506269628225,6.295282429057326,4.548030737780505,0.005104413696526799,0.003874369115735259,0.003824515182981838,0.7224673262244994,0.00030292184152624414,0.4240503572984577,0.7492565082614986,0.7590233366804692,-25.07434917385014,-24.097666331953082
Pythia_minus,7,1.37,1.52,0.7069712872556005,2.6250623272362232,1.8558436926123751,0.007774101904785016,0.006679712405961141,0.006445512181683061,0.7070198585879235,7.709067625497625e-05,0.2617665523271738,0.8291005521442678,0.8592262473237879,-17.08994478557322,-14.077375267621207
Pythia_minus,8,1.52,1.74,0.7895827216344538,3.370505739996156,2.6612930954707132,0.007469900214620871,0.006091593557077578,0.006202572187062448,0.7896692909153948,0.00013446705491588378,0.33589373156424485,0.830342040569983,0.8154852651384115,-16.965795943001705,-18.451473486158854
Pythia_minus,9,1.74,1.95,0.7888952739911667,2.6769359667839505,2.1118221329728333,0.008372239978090645,0.006946303702069387,0.006841322093970913,0.7890047519752554,9.920743305406625e-05,0.31244236123274594,0.8171435735088819,0.8296828232644075,-18.28564264911181,-17.031717673559253
Pythia_minus,10,1.95,2.18,0.7289419585263472,2.539887091929461,1.85143027122685,0.008102491209534136,0.006658233063241087,0.006439218320942158,0.7292245179291803,9.433185407918699e-05,0.3249273713140392,0.7947208030741436,0.8217513467224004,-20.527919692585638,-17.824865327759966
Pythia_minus,11,2.18,2.5,0.7290043462523258,2.6577235076921997,1.9374919882445902,0.00792003735362813,0.006358140619218942,0.006493549807750811,0.729439948155716,0.00010804000366073159,0.35574381629976576,0.819888785597223,0.8027917464690124,-18.011121440277698,-19.72082535309876
