channel,display,generator,charge,bin,bin_low_edge,bin_up_edge,nominal_correction,stat_unc,relative_scale_unc,relative_pdf_unc,relative_shower_unc,relative_model_unc,relative_total_systematic_unc,scale_unc,pdf_unc,shower_unc,model_unc,systematic_unc,total_unc,stat_unc_percent,scale_unc_percent,pdf_unc_percent,shower_unc_percent,model_unc_percent,systematic_unc_percent,total_unc_percent,official_nominal_source,official_statistical_method,high_stat_nominal_used
Pythia_minus,Pythia W-,Pythia,minus,1,0.0,0.21,0.7786144614219666,0.018435487523674965,0.005223232787102461,0.0016795375850051641,0.041967980563640594,0.007896359078586102,0.04305539323401646,0.00406688458341134,0.0013077122521867462,0.03267687658352658,0.0061482193711677735,0.033523551814214715,0.038258276574826444,2.367729914752243,0.5223232787102461,0.16795375850051641,4.1967980563640594,0.7896359078586102,4.305539323401646,4.913635498749431,repaired weighted-sample weight 0,independent ROOT Sumw2 ratio propagation,False
Pythia_minus,Pythia W-,Pythia,minus,2,0.21,0.42,0.7478157877922058,0.017816761508584023,0.0052221110090613365,0.0018838942050933838,0.03534947708249092,0.008145769126713276,0.036698209567201094,0.003905177058179554,0.0014088058290990801,0.026434897052485473,0.006091534756666517,0.02744350049805995,0.03271976024118725,2.3825067348718147,0.5222111009061337,0.18838942050933838,3.534947708249092,0.8145769126713276,3.6698209567201094,4.375377034735596,repaired weighted-sample weight 0,independent ROOT Sumw2 ratio propagation,False
Pythia_minus,Pythia W-,Pythia,minus,3,0.42,0.63,0.7352385520935059,0.017892949283123016,0.004601039458066225,0.0017727010417729616,0.032164473086595535,0.0012542909244075418,0.032564376360366014,0.0033828615892737,0.0013033581472478017,0.02364856062103904,0.000922203043165426,0.023942584925023498,0.029889881347044102,2.433625009485008,0.4601039458066225,0.17727010417729616,3.2164473086595535,0.12542909244075418,3.256437636036601,4.065331076823456,repaired weighted-sample weight 0,independent ROOT Sumw2 ratio propagation,False
Pythia_minus,Pythia W-,Pythia,minus,4,0.63,0.84,0.7513492107391357,0.018865477293729782,0.004279782064259052,0.0011019508820027113,0.04855750873684883,0.004186252132058144,0.04893758465541809,0.003215610876116548,0.0008279499254660316,0.03648364586489006,0.0031453372353769105,0.03676921560632802,0.041326522353385485,2.5108800307610584,0.4279782064259052,0.11019508820027113,4.855750873684883,0.41862521320581436,4.89375846554181,5.5003082139037245,repaired weighted-sample weight 0,independent ROOT Sumw2 ratio propagation,False
Pythia_minus,Pythia W-,Pythia,minus,5,0.84,1.05,0.7593017220497131,0.01960304193198681,0.004426967352628708,0.001033465494401753,0.007055908441543579,0.0022913941647857428,0.008700713880091655,0.0033614039343088375,0.0007847121295782092,0.005357563430289147,0.0017398595352164786,0.006606467032215435,0.020686339928440278,2.581719672526089,0.4426967352628708,0.1033465494401753,0.7055908441543579,0.22913941647857428,0.8700713880091655,2.724389966164978,repaired weighted-sample weight 0,independent ROOT Sumw2 ratio propagation,False
Pythia_minus,Pythia W-,Pythia,minus,6,1.05,1.37,0.7337679862976074,0.016307618468999863,0.004005333874374628,0.0008809220162220299,0.028805050998926163,0.006377683021128178,0.029786314421435246,0.002938985771449465,0.0006463923739284672,0.021136224266681936,0.004679739627657664,0.021856243952243923,0.02726965015966403,2.2224488903207194,0.4005333874374628,0.08809220162220299,2.8805050998926163,0.6377683021128178,2.978631442143525,3.716385924283673,repaired weighted-sample weight 0,independent ROOT Sumw2 ratio propagation,False
Pythia_minus,Pythia W-,Pythia,minus,7,1.37,1.52,0.7370075583457947,0.025902796536684036,0.0018710976000875235,0.00046222764649428427,0.017546148970723152,0.004811104852706194,0.018295593300923015,0.0013790130736671818,0.00034066526914267557,0.012931644411284249,0.003545820640438596,0.01348399054720095,0.029202275074005024,3.514590351667841,0.18710976000875235,0.04622276464942843,1.7546148970723152,0.4811104852706194,1.8295593300923016,3.962276199656515,repaired weighted-sample weight 0,independent ROOT Sumw2 ratio propagation,False
Pythia_minus,Pythia W-,Pythia,minus,8,1.52,1.74,0.7175648808479309,0.021989479660987854,0.004155085422098637,0.0014315274311229587,0.0360739566385746,0.006851464044302702,0.036980899296300614,0.002981543375821183,0.0010272138105442905,0.02588540439707221,0.004916369980583951,0.026536194597199282,0.034463122891888756,3.0644587336831983,0.41550854220986366,0.14315274311229587,3.60739566385746,0.6851464044302702,3.6980899296300613,4.8027884044665665,repaired weighted-sample weight 0,independent ROOT Sumw2 ratio propagation,False
Pythia_minus,Pythia W-,Pythia,minus,9,1.74,1.95,0.6435351371765137,0.02221955731511116,0.002649043221026659,0.0012148157693445683,0.06274373084306717,0.008308072574436665,0.06335844882373369,0.0017047523926299046,0.0007817766327693487,0.04037779543505948,0.00534653662386253,0.04077338805507258,0.046434662707605025,3.4527341292658296,0.2649043221026659,0.12148157693445683,6.274373084306717,0.8308072574436665,6.33584488237337,7.215559807866182,repaired weighted-sample weight 0,independent ROOT Sumw2 ratio propagation,False
Pythia_minus,Pythia W-,Pythia,minus,10,1.95,2.18,0.7551155686378479,0.027335211634635925,0.003919333219528198,0.004654844757169485,0.04734497144818306,0.008191503584384918,0.0484321773720871,0.0029595495327452426,0.0035149457457309408,0.035750925037237424,0.006185531887121787,0.03657189115669266,0.045658701447668336,3.6200037146560073,0.3919333219528198,0.4654844757169485,4.734497144818306,0.8191503584384918,4.84321773720871,6.046584568509429,repaired weighted-sample weight 0,independent ROOT Sumw2 ratio propagation,False
Pythia_minus,Pythia W-,Pythia,minus,11,2.18,2.5,0.7272884249687195,0.026529641821980476,0.0007039082120172679,0.00518505135551095,0.03996836394071579,0.005836397875100374,0.04072976676319443,0.0005119442948405863,0.003771027833731483,0.02906852845901975,0.004244744618072532,0.02962228791854698,0.03976558608560761,3.647747016339702,0.0703908212017268,0.518505135551095,3.996836394071579,0.5836397875100374,4.072976676319444,5.467650071196709,repaired weighted-sample weight 0,independent ROOT Sumw2 ratio propagation,False
