pair_label,bin,bin_low_edge,bin_up_edge,C_all,C_odd,C_even,odd_minus_even,abs_odd_even_difference,split_stat_uncertainty_half_difference,relative_split_stat_uncertainty,all_ratio_ROOT_stat_error,odd_ratio_ROOT_stat_error,even_ratio_ROOT_stat_error
Herwig_minus,1,0.0,0.21,0.650036633014679,0.6454238295555115,0.654696524143219,-0.00927269458770752,0.00927269458770752,0.00463634729385376,0.007132439874112606,0.012329031605077135,0.017255658465168397,0.017619614905784575
Herwig_minus,2,0.21,0.42,0.6496036648750305,0.6585237383842468,0.6408377289772034,0.017686009407043457,0.017686009407043457,0.008843004703521729,0.013612923212349415,0.012422957728976542,0.017847660539877457,0.017296531329399456
Herwig_minus,3,0.42,0.63,0.6086708903312683,0.5991995334625244,0.6183293461799622,-0.019129812717437744,0.019129812717437744,0.009564906358718872,0.015714414417743683,0.011745988838104302,0.016330668390947836,0.016899305092560345
Herwig_minus,4,0.63,0.84,0.6204189658164978,0.6255730986595154,0.6150791049003601,0.010493993759155273,0.010493993759155273,0.005246996879577637,0.00845718290656805,0.012265945934460688,0.01731255643719761,0.01737862111310387
Herwig_minus,5,0.84,1.05,0.6383928060531616,0.6456765532493591,0.6313250064849854,0.01435154676437378,0.01435154676437378,0.00717577338218689,0.011240373365581036,0.012994496150672843,0.018673719591964996,0.018090130100977
Herwig_minus,6,1.05,1.37,0.6283708214759827,0.6188024878501892,0.6379401087760925,-0.01913762092590332,0.01913762092590332,0.00956881046295166,0.015227967873215675,0.01099663602314985,0.01536398152835946,0.015740781253011333
Herwig_minus,7,1.37,1.52,0.6027579307556152,0.6309016942977905,0.5753865242004395,0.055515170097351074,0.055515170097351074,0.027757585048675537,0.046050965785980225,0.016359397702891347,0.02408708318386554,0.022215652796174563
Herwig_minus,8,1.52,1.74,0.6326618194580078,0.6334362626075745,0.631879985332489,0.0015562772750854492,0.0015562772750854492,0.0007781386375427246,0.0012299440568313003,0.014968705983030444,0.02098410502314272,0.021359006458394933
Herwig_minus,9,1.74,1.95,0.5876197218894958,0.5934205651283264,0.5820307731628418,0.01138979196548462,0.01138979196548462,0.00569489598274231,0.009691464714705944,0.015581459441957693,0.022375387119015957,0.021707734404649053
Herwig_minus,10,1.95,2.18,0.5887054800987244,0.5995215773582458,0.5781501531600952,0.021371424198150635,0.021371424198150635,0.010685712099075317,0.01815120130777359,0.016196666795632315,0.023338489835437903,0.022484310182364655
Herwig_minus,11,2.18,2.5,0.5989671945571899,0.6015653610229492,0.5964637398719788,0.005101621150970459,0.005101621150970459,0.0025508105754852295,0.004258681554347277,0.016159722528036394,0.02307424124718153,0.022638311541493063
