charge,observable,bin,bin_low_edge,bin_up_edge,absolute_pythia_herwig_difference
minus,etalepton,1,0.0,0.21,0.08736610412597656
minus,etalepton,2,0.21,0.42,0.07577645778656006
minus,etalepton,3,0.42,0.63,0.09242606163024902
minus,etalepton,4,0.63,0.84,0.10126352310180664
minus,etalepton,5,0.84,1.05,0.07068014144897461
minus,etalepton,6,1.05,1.37,0.06600916385650635
minus,etalepton,7,1.37,1.52,0.10733968019485474
minus,etalepton,8,1.52,1.74,0.06950211524963379
minus,etalepton,9,1.74,1.95,0.024499893188476562
minus,etalepton,10,1.95,2.18,0.15375381708145142
minus,etalepton,11,2.18,2.5,0.12163633108139038
