pair_label,observable,bin,bin_low_edge,bin_up_edge,correction_factor,stat_unc,scale_unc,pdf_unc,shower_unc,model_unc,total_unc
Herwig_plus,etalepton,1,0.0,0.21,0.665374219417572,0.01676214300096035,0.0016974806785583496,0.0005252608098089695,0.0,0.0,0.016856061294674873
Herwig_plus,etalepton,2,0.21,0.42,0.6719119548797607,0.017144029960036278,0.0015020966529846191,0.00036961238947696984,0.0,0.0,0.017213676124811172
Herwig_plus,etalepton,3,0.42,0.63,0.6914249062538147,0.017886683344841003,0.0017085075378417969,0.0007483321242034435,0.0,0.0,0.01798367127776146
Herwig_plus,etalepton,4,0.63,0.84,0.6939395666122437,0.018475376069545746,0.0014803409576416016,0.0004654281074181199,0.0,0.0,0.018540430814027786
Herwig_plus,etalepton,5,0.84,1.05,0.6589977741241455,0.01817980967462063,0.001254737377166748,0.0003829651395790279,0.0,0.0,0.01822708174586296
Herwig_plus,etalepton,6,1.05,1.37,0.6422200798988342,0.015228702686727047,0.001195669174194336,0.0004078055499121547,0.0,0.0,0.0152810113504529
Herwig_plus,etalepton,7,1.37,1.52,0.7223036289215088,0.027027694508433342,0.0018798112869262695,0.001216987380757928,0.0,0.0,0.027120307087898254
Herwig_plus,etalepton,8,1.52,1.74,0.6450952887535095,0.021454771980643272,0.0017037391662597656,0.0010726883774623275,0.0,0.0,0.021549029275774956
Herwig_plus,etalepton,9,1.74,1.95,0.6222162246704102,0.022920755669474602,0.0022408366203308105,0.0014216307317838073,0.0,0.0,0.023073868826031685
Herwig_plus,etalepton,10,1.95,2.18,0.6321878433227539,0.02442561276257038,0.0021201372146606445,0.0015310479793697596,0.0,0.0,0.024565212428569794
Herwig_plus,etalepton,11,2.18,2.5,0.6375429630279541,0.024316180497407913,0.003226339817047119,0.0022805118933320045,0.0,0.0,0.02463506907224655
